{
  "best_epoch": 0,
  "train_time_seconds": 0,
  "created_at": "2025-08-09T01:32:30.384964",
  "model_params": 897,
  "val_mse": 0.04206324034423795,
  "val_rmse": 0.20509324792454273,
  "val_mae": 0.15465135624011359,
  "val_r2": -0.5773715834229256,
  "val_mape": 24.845092907971498,
  "val_correlation": -0.737113727085819,
  "val_max_error": 0.5263775289058685,
  "val_nrmse": 1.2559345458354607,
  "test_mse": 0.04206324034423795,
  "test_rmse": 0.20509324792454273,
  "test_mae": 0.15465135624011359,
  "test_r2": -0.5773715834229256,
  "test_mape": 24.845092907971498,
  "test_correlation": -0.737113727085819,
  "test_max_error": 0.5263775289058685,
  "test_nrmse": 1.2559345458354607,
  "config": {
    "arch": {
      "h1": 32,
      "h2": 16,
      "dropout": 0.25
    },
    "training": {
      "lr": 0.001,
      "epochs": 200
    },
    "device": "cpu"
  }
}