{
  "best_epoch": 0,
  "train_time_seconds": 0,
  "created_at": "2025-08-09T01:32:30.387285",
  "model_params": 897,
  "val_mse": 0.017728373027998973,
  "val_rmse": 0.13314793662689248,
  "val_mae": 0.10540614525477092,
  "val_r2": -0.14879870916180749,
  "val_mape": 12.783239084644894,
  "val_correlation": -0.08840501947420243,
  "val_max_error": 0.28402501344680786,
  "val_nrmse": 1.0718202783871034,
  "test_mse": 0.017728373027998973,
  "test_rmse": 0.13314793662689248,
  "test_mae": 0.10540614525477092,
  "test_r2": -0.14879870916180749,
  "test_mape": 12.783239084644894,
  "test_correlation": -0.08840501947420243,
  "test_max_error": 0.28402501344680786,
  "test_nrmse": 1.0718202783871034,
  "config": {
    "arch": {
      "h1": 32,
      "h2": 16,
      "dropout": 0.25
    },
    "training": {
      "lr": 0.001,
      "epochs": 200
    },
    "device": "cpu"
  }
}