{
  "best_epoch": 0,
  "train_time_seconds": 0,
  "created_at": "2025-08-09T01:32:30.392109",
  "model_params": 897,
  "val_mse": 0.034393702870965846,
  "val_rmse": 0.18545539321078222,
  "val_mae": 0.16112599521875381,
  "val_r2": 0.0548296030712363,
  "val_mape": 51.29790449510714,
  "val_correlation": 0.45764151601275144,
  "val_max_error": 0.328520804643631,
  "val_nrmse": 0.9721987435338332,
  "test_mse": 0.034393702870965846,
  "test_rmse": 0.18545539321078222,
  "test_mae": 0.16112599521875381,
  "test_r2": 0.0548296030712363,
  "test_mape": 51.29790449510714,
  "test_correlation": 0.45764151601275144,
  "test_max_error": 0.328520804643631,
  "test_nrmse": 0.9721987435338332,
  "config": {
    "arch": {
      "h1": 32,
      "h2": 16,
      "dropout": 0.25
    },
    "training": {
      "lr": 0.001,
      "epochs": 200
    },
    "device": "cpu"
  }
}