{
  "best_epoch": 0,
  "train_time_seconds": 0,
  "created_at": "2025-08-09T01:32:30.394703",
  "model_params": 897,
  "val_mse": 0.13607316678692047,
  "val_rmse": 0.3688809656066852,
  "val_mae": 0.32114627212285995,
  "val_r2": -1.2043851705565145,
  "val_mape": 38.95316901942584,
  "val_correlation": 0.5210642158972738,
  "val_max_error": 0.5817556977272034,
  "val_nrmse": 1.4847172022161375,
  "test_mse": 0.13607316678692047,
  "test_rmse": 0.3688809656066852,
  "test_mae": 0.32114627212285995,
  "test_r2": -1.2043851705565145,
  "test_mape": 38.95316901942584,
  "test_correlation": 0.5210642158972738,
  "test_max_error": 0.5817556977272034,
  "test_nrmse": 1.4847172022161375,
  "config": {
    "arch": {
      "h1": 32,
      "h2": 16,
      "dropout": 0.25
    },
    "training": {
      "lr": 0.001,
      "epochs": 200
    },
    "device": "cpu"
  }
}