{
  "best_epoch": 0,
  "train_time_seconds": 0,
  "created_at": "2025-08-09T01:32:30.401470",
  "model_params": 897,
  "val_mse": 0.041470166945415755,
  "val_rmse": 0.20364225235794206,
  "val_mae": 0.16753084460894266,
  "val_r2": -0.798705966434818,
  "val_mape": 36.286426800693064,
  "val_correlation": 0.31012669496542444,
  "val_max_error": 0.38929036259651184,
  "val_nrmse": 1.3411584419578537,
  "test_mse": 0.041470166945415755,
  "test_rmse": 0.20364225235794206,
  "test_mae": 0.16753084460894266,
  "test_r2": -0.798705966434818,
  "test_mape": 36.286426800693064,
  "test_correlation": 0.31012669496542444,
  "test_max_error": 0.38929036259651184,
  "test_nrmse": 1.3411584419578537,
  "config": {
    "arch": {
      "h1": 32,
      "h2": 16,
      "dropout": 0.25
    },
    "training": {
      "lr": 0.001,
      "epochs": 200
    },
    "device": "cpu"
  }
}