{
  "epochs": [
    1.0,
    2.0,
    3.0,
    4.0,
    5.0,
    6.0,
    7.0,
    8.0,
    9.0,
    10.0,
    11.0,
    12.0,
    13.0,
    14.0,
    15.0,
    16.0,
    17.0,
    18.0,
    19.0,
    20.0,
    21.0,
    22.0,
    23.0,
    24.0,
    25.0,
    26.0,
    27.0
  ],
  "train_loss": [
    0.13743313401937485,
    0.11939935262004535,
    0.10559454932808876,
    0.10204077139496803,
    0.09701330338915189,
    0.08983759892483552,
    0.07938049236933391,
    0.0770643459012111,
    0.07453215370575587,
    0.06552085404594739,
    0.06919820544620355,
    0.05804567721982797,
    0.06013924069702625,
    0.06041305512189865,
    0.05325987748801708,
    0.06378474396963914,
    0.05281944635013739,
    0.05019986194868883,
    0.05977841963370641,
    0.052408648654818535,
    0.05700412765145302,
    0.04967463699479898,
    0.05154423539837202,
    0.05276335030794144,
    0.05030493593464295,
    0.0579835462073485,
    0.05385215518375238
  ],
  "val_loss": [
    0.024477333296090364,
    0.021963322069495916,
    0.02009378094226122,
    0.01875147270038724,
    0.017868928145617247,
    0.017387985717505217,
    0.01717587234452367,
    0.01721020881086588,
    0.01744954800233245,
    0.017828854732215405,
    0.01831088960170746,
    0.018849865533411503,
    0.019379332195967436,
    0.0200850167311728,
    0.020782462786883116,
    0.021425466053187847,
    0.021680146921426058,
    0.021944751031696796,
    0.02220705011859536,
    0.022431435994803905,
    0.022594735026359558,
    0.02275909949094057,
    0.022970241960138083,
    0.023237557616084814,
    0.02336559956893325,
    0.02344309352338314,
    0.02348347520455718
  ],
  "train_metrics": [
    {
      "mse": 0.13743313227196166,
      "rmse": 0.3707197489640411,
      "mae": 0.3277376986419161,
      "r2": -1.1331577982153607,
      "mape": 44.446127637111324,
      "correlation": 0.12334081308394287,
      "max_error": 0.6031538844108582,
      "nrmse": 1.46053339510446
    },
    {
      "mse": 0.11939936045016841,
      "rmse": 0.34554212543504503,
      "mae": 0.30616730482627946,
      "r2": -0.8532479951209364,
      "mape": 42.62220525280821,
      "correlation": 0.22678139919573245,
      "max_error": 0.5680809319019318,
      "nrmse": 1.361340514023195
    },
    {
      "mse": 0.10559455199763501,
      "rmse": 0.32495315354314536,
      "mae": 0.2883976446464658,
      "r2": -0.6389777218864034,
      "mape": 41.35815686895417,
      "correlation": 0.33021677091359547,
      "max_error": 0.564090371131897,
      "nrmse": 1.2802256527215832
    },
    {
      "mse": 0.10204077016627004,
      "rmse": 0.31943821024772545,
      "mae": 0.28132392186671495,
      "r2": -0.5838179703664359,
      "mape": 41.68833462928821,
      "correlation": 0.21601658162057283,
      "max_error": 0.5353837013244629,
      "nrmse": 1.2584982997074077
    },
    {
      "mse": 0.09701330236556509,
      "rmse": 0.3114695849767118,
      "mae": 0.28445520096768934,
      "r2": -0.5057845153540863,
      "mape": 42.61599623126162,
      "correlation": 0.33594461738464915,
      "max_error": 0.49779605865478516,
      "nrmse": 1.2271041175687116
    },
    {
      "mse": 0.08983759936529795,
      "rmse": 0.2997292100635137,
      "mae": 0.262487870020171,
      "r2": -0.39440739282436854,
      "mape": 39.6136868009206,
      "correlation": 0.32493470799674173,
      "max_error": 0.5506543219089508,
      "nrmse": 1.1808502838312604
    },
    {
      "mse": 0.07938049440606772,
      "rmse": 0.281745442564858,
      "mae": 0.2521604861443241,
      "r2": -0.23209824202660734,
      "mape": 39.286528030755335,
      "correlation": 0.3902715721046159,
      "max_error": 0.5038733780384064,
      "nrmse": 1.109999208119811
    },
    {
      "mse": 0.07706434262205314,
      "rmse": 0.2776046516578084,
      "mae": 0.24917488327870765,
      "r2": -0.1961482701512367,
      "mape": 40.16240214968581,
      "correlation": 0.3566180793811088,
      "max_error": 0.49174004793167114,
      "nrmse": 1.093685635889599
    },
    {
      "mse": 0.07453215394821051,
      "rmse": 0.27300577640081264,
      "mae": 0.24328714205573002,
      "r2": -0.15684509829693383,
      "mape": 39.672689379477006,
      "correlation": 0.397766627025672,
      "max_error": 0.4591759443283081,
      "nrmse": 1.075567337871941
    },
    {
      "mse": 0.06552085356276538,
      "rmse": 0.2559704154053069,
      "mae": 0.22525936209907135,
      "r2": -0.016976892053663706,
      "mape": 37.328839265620076,
      "correlation": 0.4763146380038009,
      "max_error": 0.4765634536743164,
      "nrmse": 1.0084527217741364
    },
    {
      "mse": 0.06919820135882697,
      "rmse": 0.2630555100332,
      "mae": 0.22818200942128897,
      "r2": -0.07405456319628101,
      "mape": 38.5753547726291,
      "correlation": 0.3612724578425516,
      "max_error": 0.5397951304912567,
      "nrmse": 1.0363660372649623
    },
    {
      "mse": 0.05804567761529106,
      "rmse": 0.2409267058988917,
      "mae": 0.20656900387257338,
      "r2": 0.09904847680595208,
      "mape": 35.22437096494806,
      "correlation": 0.5526824431468454,
      "max_error": 0.5296794474124908,
      "nrmse": 0.9491846623255392
    },
    {
      "mse": 0.06013924106079993,
      "rmse": 0.24523303419564,
      "mae": 0.21089642712225518,
      "r2": 0.0665533927165608,
      "mape": 36.4185308011699,
      "correlation": 0.5239444338657604,
      "max_error": 0.4461127370595932,
      "nrmse": 0.9661504061394579
    },
    {
      "mse": 0.06041305370149227,
      "rmse": 0.24579067049319075,
      "mae": 0.2168475833411018,
      "r2": 0.062303430861751496,
      "mape": 37.68961140610308,
      "correlation": 0.447114849025849,
      "max_error": 0.47450976073741913,
      "nrmse": 0.968347339098037
    },
    {
      "mse": 0.05325987606832994,
      "rmse": 0.230781013231873,
      "mae": 0.1985544286047419,
      "r2": 0.17333092763745372,
      "mape": 35.66243887759129,
      "correlation": 0.5267230503846803,
      "max_error": 0.45537178218364716,
      "nrmse": 0.9092134360877793
    },
    {
      "mse": 0.06378474685390208,
      "rmse": 0.2525564231095738,
      "mae": 0.2156375270957748,
      "r2": 0.009969954775216006,
      "mape": 38.51273906038806,
      "correlation": 0.3216694366030895,
      "max_error": 0.46661727130413055,
      "nrmse": 0.9950025352856061
    },
    {
      "mse": 0.052819443876484885,
      "rmse": 0.22982481127259713,
      "mae": 0.20206838318457207,
      "r2": 0.18016706204760602,
      "mape": 36.492909108522966,
      "correlation": 0.5268701924941428,
      "max_error": 0.46527235209941864,
      "nrmse": 0.9054462645305872
    },
    {
      "mse": 0.05019985922580328,
      "rmse": 0.22405325087086614,
      "mae": 0.19407350414743027,
      "r2": 0.22082674383837575,
      "mape": 35.44776707283417,
      "correlation": 0.570177478060022,
      "max_error": 0.45447002351284027,
      "nrmse": 0.8827079110111251
    },
    {
      "mse": 0.05977841941344889,
      "rmse": 0.24449625644056167,
      "mae": 0.20740941694627205,
      "r2": 0.0721538581799297,
      "mape": 37.35827113709939,
      "correlation": 0.37017783917966113,
      "max_error": 0.47951845824718475,
      "nrmse": 0.9632477053282142
    },
    {
      "mse": 0.05240864681241231,
      "rmse": 0.22892934895380346,
      "mae": 0.19859097991138697,
      "r2": 0.1865432171000595,
      "mape": 37.22536645842984,
      "correlation": 0.49920029686030704,
      "max_error": 0.5006280392408371,
      "nrmse": 0.9019183903768347
    },
    {
      "mse": 0.05700412618615667,
      "rmse": 0.23875536891587731,
      "mae": 0.20404175451646248,
      "r2": 0.1152148372502717,
      "mape": 37.30594986180121,
      "correlation": 0.3981369377628086,
      "max_error": 0.5151859223842621,
      "nrmse": 0.9406301944705626
    },
    {
      "mse": 0.04967463497853786,
      "rmse": 0.22287807200022586,