{
  "epochs": [
    1.0,
    2.0,
    3.0,
    4.0,
    5.0,
    6.0,
    7.0,
    8.0,
    9.0,
    10.0,
    11.0,
    12.0,
    13.0,
    14.0,
    15.0,
    16.0,
    17.0,
    18.0,
    19.0,
    20.0,
    21.0
  ],
  "train_loss": [
    0.14308242624004683,
    0.13631940260529518,
    0.1407475806772709,
    0.13001596989730993,
    0.13097205633918443,
    0.1310456059873104,
    0.1267014779150486,
    0.12878096476197243,
    0.12156650610268116,
    0.12165795514980952,
    0.1249570722381274,
    0.11851839100321133,
    0.11772745475172997,
    0.11971408128738403,
    0.11815424760182698,
    0.11522496119141579,
    0.11454039439558983,
    0.11556896132727464,
    0.11531000087658565,
    0.11146550377209981,
    0.1154324437181155
  ],
  "val_loss": [
    0.12310600280761719,
    0.12417316436767578,
    0.1256299391388893,
    0.12633884325623512,
    0.12700803205370903,
    0.1272294595837593,
    0.12738527730107307,
    0.12790483236312866,
    0.12852102145552635,
    0.12880929931998253,
    0.12888561561703682,
    0.1289825141429901,
    0.12933482974767685,
    0.12892379984259605,
    0.12845373898744583,
    0.12830498069524765,
    0.1280662789940834,
    0.12809525057673454,
    0.12826285883784294,
    0.12812207266688347,
    0.12829770520329475
  ],
  "train_metrics": [
    {
      "mse": 0.1430824268908547,
      "rmse": 0.3782623783709592,
      "mae": 0.3333644929031531,
      "r2": -0.23674748719228522,
      "mape": 41.52354035181073,
      "correlation": -0.2175796577568909,
      "max_error": 0.5754343867301941,
      "nrmse": 1.1120914922758314
    },
    {
      "mse": 0.13631939948890695,
      "rmse": 0.36921457106797256,
      "mae": 0.3267445353170236,
      "r2": -0.1782905730420119,
      "mape": 41.250386734721054,
      "correlation": 0.1746376214236067,
      "max_error": 0.5613963007926941,
      "nrmse": 1.085490936416335
    },
    {
      "mse": 0.1407475810290756,
      "rmse": 0.3751634057701732,
      "mae": 0.3320118263363838,
      "r2": -0.21656600987684005,
      "mape": 41.57732472682612,
      "correlation": -0.21700048005321942,
      "max_error": 0.5609237849712372,
      "nrmse": 1.1029805120113592
    },
    {
      "mse": 0.13001596231105175,
      "rmse": 0.3605772626096268,
      "mae": 0.3189571959276994,
      "r2": -0.1238061736661642,
      "mape": 40.50673690892679,
      "correlation": 0.3132369270657382,
      "max_error": 0.5468879640102386,
      "nrmse": 1.0600972472684589
    },
    {
      "mse": 0.130972056316833,
      "rmse": 0.36190061662952855,
      "mae": 0.3190843282888333,
      "r2": -0.13207026929875743,
      "mape": 40.26206414169664,
      "correlation": 0.17417893653973288,
      "max_error": 0.5356696546077728,
      "nrmse": 1.0639879084363493
    },
    {
      "mse": 0.13104560812329216,
      "rmse": 0.3620022211579539,
      "mae": 0.3210251641770204,
      "r2": -0.13270602180724822,
      "mape": 41.147934490886065,
      "correlation": 0.0658775610419021,
      "max_error": 0.538588136434555,
      "nrmse": 1.0642866257767445
    },
    {
      "mse": 0.12670148071022522,
      "rmse": 0.3559515145496999,
      "mae": 0.315321817373236,
      "r2": -0.09515711535592031,
      "mape": 40.46949300329422,
      "correlation": 0.3091110909957256,
      "max_error": 0.5268955230712891,
      "nrmse": 1.0464975467510282
    },
    {
      "mse": 0.1287809654759688,
      "rmse": 0.3588606491048702,
      "mae": 0.31777980116506416,
      "r2": -0.1131313531052549,
      "mape": 40.4634308526548,
      "correlation": 0.06992400202091337,
      "max_error": 0.5434050559997559,
      "nrmse": 1.0550504031112706
    },
    {
      "mse": 0.12156650522634371,
      "rmse": 0.3486638857500784,
      "mae": 0.3069511217375596,
      "r2": -0.05077243329200187,
      "mape": 39.19297973213713,
      "correlation": 0.4551186237611167,
      "max_error": 0.5148665606975555,
      "nrmse": 1.0250719161561308
    },
    {
      "mse": 0.12165795717647893,
      "rmse": 0.34879500738467994,
      "mae": 0.3076107806215684,
      "r2": -0.051562907510158906,
      "mape": 39.55409729328282,
      "correlation": 0.36420064932081053,
      "max_error": 0.5434286594390869,
      "nrmse": 1.025457413796477
    },
    {
      "mse": 0.12495707271873648,
      "rmse": 0.35349267703693166,
      "mae": 0.31230570189654827,
      "r2": -0.08007914773270186,
      "mape": 40.034787952875625,
      "correlation": 0.17253295794770335,
      "max_error": 0.5264334678649902,
      "nrmse": 1.0392685638143306
    },
    {
      "mse": 0.11851839298030577,
      "rmse": 0.34426500400172216,
      "mae": 0.30213061782221,
      "r2": -0.024425765550315726,
      "mape": 38.668468258470085,
      "correlation": 0.4276017346284293,
      "max_error": 0.5302467942237854,
      "nrmse": 1.012139202654613
    },
    {
      "mse": 0.11772745532703748,
      "rmse": 0.34311434730573054,
      "mae": 0.30237063268820447,
      "r2": -0.017589215622688892,
      "mape": 39.36966564848095,
      "correlation": 0.3745115201691868,
      "max_error": 0.5414087176322937,
      "nrmse": 1.0087562716646121
    },
    {
      "mse": 0.11971408157644486,
      "rmse": 0.3459972277005191,
      "mae": 0.3055866416543722,
      "r2": -0.034760821356068394,
      "mape": 39.823925479059746,
      "correlation": 0.33557073245725105,
      "max_error": 0.5339794754981995,
      "nrmse": 1.0172319407864012
    },
    {
      "mse": 0.11815424966959899,
      "rmse": 0.3437357264958052,
      "mae": 0.3031920635451873,
      "r2": -0.021278255864601414,
      "mape": 39.46283685886207,
      "correlation": 0.37814319830662935,
      "max_error": 0.5356342196464539,
      "nrmse": 1.0105831266474825
    },
    {
      "mse": 0.11522496320148855,
      "rmse": 0.3394480272464233,
      "mae": 0.296287111317118,
      "r2": 0.004041329198527954,
      "mape": 38.1014619489357,
      "correlation": 0.44067640555972476,
      "max_error": 0.5383085012435913,
      "nrmse": 0.9979772897223023
    },
    {
      "mse": 0.11454039652435577,
      "rmse": 0.33843817238065177,
      "mae": 0.29795602957407635,
      "r2": 0.009958450791701323,
      "mape": 38.84771072065683,
      "correlation": 0.49255643111229275,
      "max_error": 0.5338372588157654,
      "nrmse": 0.9950083161503217
    },
    {
      "mse": 0.1155689645921447,
      "rmse": 0.33995435663062873,
      "mae": 0.2998113129287958,
      "r2": 0.0010679182442308033,
      "mape": 39.01341422243881,
      "correlation": 0.44948648414015097,
      "max_error": 0.5341068506240845,
      "nrmse": 0.9994658982455425
    },
    {
      "mse": 0.1153100023734258,
      "rmse": 0.33957326510405056,
      "mae": 0.2972558581580718,
      "r2": 0.003306284479957733,
      "mape": 38.51598332547589,
      "correlation": 0.4336773901572778,
      "max_error": 0.5401511788368225,
      "nrmse": 0.9983454890567907
    },
    {
      "mse": 0.1114655073610807,
      "rmse": 0.33386450449408467,
      "mae": 0.2918301522731781,
      "r2": 0.03653656753678636,
      "mape": 38.05473700705474,
      "correlation": 0.522915783407891,
      "max_error": 0.5164505243301392,
      "nrmse": 0.9815617313563184
    },
    {
      "mse": 0.11543244527805162,
      "rmse": 0.3397535066457028,
      "mae": 0.3001797664910555,
      "r2": 0.0022479367994560073,
      "mape": 39.473348406441275,
      "correlation": 0.37368156834550187,
      "max_error": 0.5427817106246948,
      "nrmse": 0.9988753992368337
    }
  ],
  "val_metrics": [
    {
      "mse": 0.12378529746742813,
      "rmse": 0.3518313480453783,
      "mae": 0.3121176262696584,
      "r2": -1.0053216994458465,
      "mape": 35.50555376691957,
      "correlation": -0.3388256183877522,
      "max_error": 0.4860374629497528,
      "nrmse": 1.416093817317852
    },
    {
      "mse": 0.12491720600004445,
      "rmse": 0.3534362828007963,
      "mae": 0.3134092514713605,
      "r2": -1.0236586165812653,