{
  "loss": [
    4.718470573425293,
    4.128180980682373,
    3.9563310146331787,
    3.8366825580596924,
    3.6581432819366455,
    3.1811254024505615,
    2.9649276733398438,
    2.9579179286956787,
    2.725771427154541,
    2.467395305633545,
    2.5622501373291016,
    2.131664514541626,
    1.8095685243606567,
    2.2175159454345703,
    1.98577880859375,
    1.9835330247879028,
    1.54302179813385,
    1.7940850257873535,
    1.446716547012329,
    1.5461361408233643,
    1.464173674583435,
    1.5791815519332886,
    1.3971848487854004,
    1.2989392280578613,
    1.1333036422729492,
    1.0845677852630615,
    1.0979504585266113,
    1.1977161169052124,
    0.9525284171104431,
    1.0502158403396606,
    0.9187486171722412,
    0.964110255241394,
    0.9127708077430725,
    0.9534816145896912,
    0.9027228951454163,
    0.8872498869895935,
    0.8653309345245361,
    0.8900086879730225,
    0.9767768979072571,
    0.7489482164382935,
    0.7860516309738159,
    0.6745819449424744,
    0.7048938870429993,
    0.7944469451904297,
    0.6389707326889038,
    0.8825404047966003,
    0.6443989276885986,
    0.6919032335281372,
    0.7491453886032104,
    0.671840488910675,
    0.6137733459472656,
    0.6752891540527344,
    0.5869545936584473,
    0.6634349226951599,
    0.572337806224823,
    0.637378990650177,
    0.5689206719398499,
    0.6208682656288147,
    0.61838299036026,
    0.5799503326416016,
    0.5708855986595154,
    0.6711554527282715,
    0.5869231820106506,
    0.4898747205734253,
    0.4845309257507324,
    0.46530553698539734,
    0.5633182525634766,
    0.5576522350311279,
    0.5399961471557617,
    0.5185564756393433,
    0.5182618498802185,
    0.5630192160606384,
    0.6166296005249023,
    0.48416978120803833,
    0.5664421916007996
  ],
  "mae": [
    1.5158978700637817,
    1.4276484251022339,
    1.4466238021850586,
    1.347717046737671,
    1.3813787698745728,
    1.2530758380889893,
    1.2132337093353271,
    1.212656855583191,
    1.1726564168930054,
    1.1612869501113892,
    1.1410480737686157,
    1.0458043813705444,
    0.9960647821426392,
    1.0817780494689941,
    1.0575580596923828,
    1.0657938718795776,
    0.9084761142730713,
    1.0045862197875977,
    0.8752689957618713,
    0.893413245677948,
    0.8996309041976929,
    0.9484589695930481,
    0.888079822063446,
    0.8269621729850769,
    0.8068513870239258,
    0.7859704494476318,
    0.7691463232040405,
    0.79864901304245,
    0.7304835915565491,
    0.7542098164558411,
    0.7269986867904663,
    0.7446954846382141,
    0.7028311491012573,
    0.718555748462677,
    0.6989834308624268,
    0.7232895493507385,
    0.6509731411933899,
    0.6979861855506897,
    0.7519408464431763,
    0.6373828053474426,
    0.6598355174064636,
    0.6239375472068787,
    0.622856616973877,
    0.6626579761505127,
    0.6090144515037537,
    0.6976092457771301,
    0.5852428078651428,
    0.6039587259292603,
    0.6263726353645325,
    0.6025394797325134,
    0.5723885893821716,
    0.6263155937194824,
    0.5721592903137207,
    0.6020939946174622,
    0.5856669545173645,
    0.6143574714660645,
    0.5645279288291931,
    0.5842583179473877,
    0.5815786719322205,
    0.562282919883728,
    0.552903413772583,
    0.5976217985153198,
    0.580845296382904,
    0.5296144485473633,
    0.5078229904174805,
    0.4905359745025635,
    0.5445330739021301,
    0.5273804068565369,
    0.5473083257675171,
    0.5433911085128784,
    0.5344901084899902,
    0.5607566833496094,
    0.5633562803268433,
    0.5314368605613708,
    0.5526255965232849
  ],
  "val_loss": [
    3.2530250549316406,
    3.0572776794433594,
    2.894801139831543,
    2.7253034114837646,
    2.5681393146514893,
    2.414727210998535,
    2.2725791931152344,
    2.1381118297576904,
    2.0119760036468506,
    1.8946996927261353,
    1.7920690774917603,
    1.693489670753479,
    1.6030712127685547,
    1.516249179840088,
    1.4328871965408325,
    1.3545584678649902,
    1.2850728034973145,
    1.2167030572891235,
    1.147634506225586,
    1.0836721658706665,
    1.0249217748641968,
    0.9706359505653381,
    0.9240748882293701,
    0.8802264928817749,
    0.8400874733924866,
    0.8055150508880615,
    0.7720572352409363,
    0.7388693690299988,
    0.7103416919708252,
    0.682046115398407,
    0.6568155288696289,
    0.6343212127685547,
    0.617440938949585,
    0.6025250554084778,
    0.5890749096870422,
    0.5783536434173584,
    0.5682790279388428,
    0.5560194849967957,
    0.5447752475738525,
    0.5347875952720642,
    0.5264831781387329,
    0.5175275802612305,
    0.5115606188774109,
    0.5014839172363281,
    0.49372971057891846,
    0.485003799200058,
    0.4776289165019989,
    0.471880704164505,
    0.46780383586883545,
    0.4630974531173706,
    0.4607725739479065,
    0.45838662981987,
    0.45517662167549133,
    0.45048725605010986,
    0.44341057538986206,
    0.43685290217399597,
    0.43316999077796936,
    0.4289836287498474,
    0.4211612939834595,
    0.4116053879261017,
    0.4030960500240326,
    0.39602744579315186,
    0.390448659658432,
    0.3875884413719177,
    0.3866124749183655,
    0.38699305057525635,
    0.38838276267051697,
    0.3897932767868042,
    0.39085912704467773,
    0.3904585838317871,
    0.3896663784980774,
    0.39084988832473755,
    0.3909735381603241,
    0.391445130109787,
    0.3901614546775818
  ],
  "val_mae": [
    1.1645687818527222,
    1.1303248405456543,
    1.0989255905151367,
    1.0660972595214844,
    1.0343213081359863,
    1.004903793334961,
    0.9788492918014526,
    0.953643798828125,
    0.930909276008606,
    0.9083073139190674,
    0.8875607848167419,
    0.8674046993255615,
    0.8482940196990967,
    0.830463171005249,
    0.8112250566482544,
    0.7904555797576904,
    0.7712404131889343,
    0.7526955604553223,
    0.7335859537124634,
    0.7137711048126221,
    0.694543719291687,
    0.6759134531021118,
    0.6607716083526611,
    0.6465746164321899,
    0.6331189274787903,
    0.6221818327903748,
    0.6104568839073181,
    0.5985084176063538,
    0.5882866382598877,
    0.5774401426315308,
    0.5675604939460754,
    0.5574486255645752,
    0.5500933527946472,
    0.5436257719993591,
    0.5389828085899353,
    0.5347303152084351,
    0.5294197797775269,
    0.5215978026390076,
    0.5147562026977539,
    0.5076895356178284,
    0.5028095841407776,
    0.49889904260635376,
    0.4962996244430542,
    0.4913449287414551,
    0.48760923743247986,
    0.4830511510372162,
    0.47838491201400757,
    0.47457993030548096,
    0.47144386172294617,
    0.46775755286216736,
    0.4665277898311615,
    0.4662395715713501,
    0.46608850359916687,
    0.46444571018218994,
    0.4612196683883667,
    0.4586770832538605,
    0.45656219124794006,
    0.45427021384239197,
    0.4496527910232544,
    0.44388067722320557,
    0.4389130175113678,
    0.4346415102481842,
    0.4315720796585083,
    0.4294525682926178,
    0.4282083511352539,
    0.42784082889556885,
    0.4283458888530731,
    0.42871803045272827,
    0.42944273352622986,
    0.42986711859703064,
    0.4297937750816345,
    0.43081891536712646,
    0.43097183108329773,
    0.43086516857147217,
    0.4302915036678314
  ]
}