{
  "best_epoch": 0,
  "train_time_seconds": 0,
  "created_at": "2025-08-09T01:32:30.396465",
  "model_params": 897,
  "val_mse": 0.024225530107528925,
  "val_rmse": 0.15564552710415075,
  "val_mae": 0.12835489710172018,
  "val_r2": -0.05074584343517974,
  "val_mape": 26.685565862346976,
  "val_correlation": 0.4518402279587761,
  "val_max_error": 0.2701939046382904,
  "val_nrmse": 1.0250589463222004,
  "test_mse": 0.024225530107528925,
  "test_rmse": 0.15564552710415075,
  "test_mae": 0.12835489710172018,
  "test_r2": -0.05074584343517974,
  "test_mape": 26.685565862346976,
  "test_correlation": 0.4518402279587761,
  "test_max_error": 0.2701939046382904,
  "test_nrmse": 1.0250589463222004,
  "config": {
    "arch": {
      "h1": 32,
      "h2": 16,
      "dropout": 0.25
    },
    "training": {
      "lr": 0.001,
      "epochs": 200
    },
    "device": "cpu"
  }
}