{
  "train_loss": [
    0.14989268283049265,
    0.14872424801190695,
    0.14575947324434915,
    0.1439510186513265,
    0.13734222948551178,
    0.12300170958042145,
    0.12244116514921188,
    0.11825074007113774,
    0.11209945877393086,
    0.11097611983617146,
    0.11168113847573598,
    0.1046124796072642,
    0.10584709048271179,
    0.10293014347553253,
    0.09708146254221599,
    0.09340714166561763,
    0.09345837930838267,
    0.08824368566274643,
    0.0910673663020134,
    0.08867536733547847,
    0.07456991076469421,
    0.07567085077365239,
    0.08682086070378621,
    0.08515775452057521,
    0.07552877565224965
  ],
  "val_loss": [
    0.033136457204818726,
    0.03119448386132717,
    0.029387377202510834,
    0.02789802849292755,
    0.02665112353861332,
    0.025719264522194862,
    0.024876875802874565,
    0.02409031055867672,
    0.023351505398750305,
    0.02268073707818985,
    0.02210531197488308,
    0.021596679463982582,
    0.021206611767411232,
    0.02099422551691532,
    0.020910965278744698,
    0.020952997729182243,
    0.021076709032058716,
    0.021287918090820312,
    0.021577296778559685,
    0.021878084167838097,
    0.022335663437843323,
    0.022828148677945137,
    0.0233219712972641,
    0.023923275992274284,
    0.02422553114593029
  ],
  "train_metrics": [
    {
      "mse": 0.149892688945684,
      "rmse": 0.38715977185870437,
      "mae": 0.34250656235963106,
      "r2": -1.3265478493732021,
      "mape": 44.826853315990206,
      "correlation": 0.2347574178299677,
      "max_error": 0.5717965364456177,
      "nrmse": 1.525302543554295
    },
    {
      "mse": 0.14872424646521296,
      "rmse": 0.3856478269940244,
      "mae": 0.3432690106953184,
      "r2": -1.3084119592295456,
      "mape": 46.08252967248199,
      "correlation": -0.03852685745020777,
      "max_error": 0.5564497709274292,
      "nrmse": 1.519345898480509
    },
    {
      "mse": 0.14575948085502674,
      "rmse": 0.3817846000757845,
      "mae": 0.33871031273156404,
      "r2": -1.262394577709531,
      "mape": 44.940568992172174,
      "correlation": 0.21053034630573048,
      "max_error": 0.590755969285965,
      "nrmse": 1.5041258516857992
    },
    {
      "mse": 0.14395102473553592,
      "rmse": 0.3794087831554983,
      "mae": 0.33881061741461355,
      "r2": -1.234324765065021,
      "mape": 46.599472468227,
      "correlation": -0.06905285089328689,
      "max_error": 0.5699607133865356,
      "nrmse": 1.494765789368027
    },
    {
      "mse": 0.13734222822048425,
      "rmse": 0.3705971238696872,
      "mae": 0.32864899653941393,
      "r2": -1.131746837968055,
      "mape": 45.32914749060671,
      "correlation": -0.10295574794576942,
      "max_error": 0.5735774636268616,
      "nrmse": 1.4600502861093707
    },
    {
      "mse": 0.12300170145376262,
      "rmse": 0.3507159840294745,
      "mae": 0.3121743944163124,
      "r2": -0.9091614540999668,
      "mape": 43.145840985784005,
      "correlation": 0.32113823405149533,
      "max_error": 0.5510636270046234,
      "nrmse": 1.3817240875442416
    },
    {
      "mse": 0.12244116427490404,
      "rmse": 0.349915938869472,
      "mae": 0.31345759363224107,
      "r2": -0.9004611193662313,
      "mape": 43.525615271308354,
      "correlation": 0.14534442525845,
      "max_error": 0.5517273247241974,
      "nrmse": 1.3785721306359822
    },
    {
      "mse": 0.11825073900324778,
      "rmse": 0.34387605180245945,
      "mae": 0.30870894994586706,
      "r2": -0.8354197556259106,
      "mape": 43.88395084801534,
      "correlation": 0.050410970903317164,
      "max_error": 0.5367341935634613,
      "nrmse": 1.354776644183797
    },
    {
      "mse": 0.11209945840792761,
      "rmse": 0.33481257205775233,
      "mae": 0.2985221628720562,
      "r2": -0.739943126708277,
      "mape": 42.91034453282808,
      "correlation": 0.2590896771578792,
      "max_error": 0.5443496704101562,
      "nrmse": 1.3190690378855374
    },
    {
      "mse": 0.11097611753125818,
      "rmse": 0.33313078142263913,
      "mae": 0.2998513396208485,
      "r2": -0.7225072776411134,
      "mape": 43.59363880122339,
      "correlation": 0.07541464262664212,
      "max_error": 0.5414748787879944,
      "nrmse": 1.3124432473981926
    },
    {
      "mse": 0.11168113936601243,
      "rmse": 0.33418728187352137,
      "mae": 0.3001623038823406,
      "r2": -0.7334502198549464,
      "mape": 43.83677151596109,
      "correlation": 0.04050162377938355,
      "max_error": 0.5221262574195862,
      "nrmse": 1.3166055673036425
    },
    {
      "mse": 0.10461248180890396,
      "rmse": 0.3234385286401482,
      "mae": 0.2929238512491186,
      "r2": -0.6237345949427424,
      "mape": 43.16271498098929,
      "correlation": 0.2978985561962933,
      "max_error": 0.5167267918586731,
      "nrmse": 1.2742584490372206
    },
    {
      "mse": 0.10584709492231188,
      "rmse": 0.3253415050716891,
      "mae": 0.29143255421270925,
      "r2": -0.6428975474790601,
      "mape": 43.23680496466643,
      "correlation": 0.08954908930773396,
      "max_error": 0.5155938863754272,
      "nrmse": 1.2817556504572392
    },
    {
      "mse": 0.10293014104973064,
      "rmse": 0.3208272760376378,
      "mae": 0.287588051520288,
      "r2": -0.5976222721690421,
      "mape": 42.782273660092656,
      "correlation": 0.14901172045591182,
      "max_error": 0.5414115488529205,
      "nrmse": 1.2639708351734393
    },
    {
      "mse": 0.09708145624904996,
      "rmse": 0.311578972732516,
      "mae": 0.28244248249878484,
      "r2": -0.5068423606176777,
      "mape": 42.88874604585473,
      "correlation": 0.28129825042220424,
      "max_error": 0.4926357865333557,
      "nrmse": 1.2275350751068899
    },
    {
      "mse": 0.09340714142774482,
      "rmse": 0.3056258193080958,
      "mae": 0.2737467310701807,
      "r2": -0.44981176555960145,
      "mape": 41.55404646147283,
      "correlation": 0.277004892178703,
      "max_error": 0.4856335520744324,
      "nrmse": 1.2040812952453008
    },
    {
      "mse": 0.09345837870439715,
      "rmse": 0.3057096313569416,
      "mae": 0.2746807284032305,
      "r2": -0.4506070410106031,
      "mape": 43.10525448948814,
      "correlation": 0.12512109718083775,
      "max_error": 0.49449801445007324,
      "nrmse": 1.2044114915636612
    },
    {
      "mse": 0.08824368426251872,
      "rmse": 0.2970583852755527,
      "mae": 0.26437965376923483,
      "r2": -0.3696675620791994,
      "mape": 41.20983137046898,
      "correlation": 0.2241778218104731,
      "max_error": 0.49267083406448364,
      "nrmse": 1.1703279720143407
    },
    {
      "mse": 0.09106736294851892,
      "rmse": 0.30177369492472156,
      "mae": 0.2710097323482235,
      "r2": -0.41349507375066774,
      "mape": 42.0813388862008,
      "correlation": 0.15832943743626735,
      "max_error": 0.47914624214172363,
      "nrmse": 1.188904989370752
    },
    {
      "mse": 0.08867536751603393,
      "rmse": 0.2977840954719273,
      "mae": 0.2679593162611127,
      "r2": -0.3763679005155869,
      "mape": 42.426966482066945,
      "correlation": 0.08696845616071475,
      "max_error": 0.5122104287147522,
      "nrmse": 1.1731870697018387
    },
    {
      "mse": 0.07456990977039028,
      "rmse": 0.27307491604025125,
      "mae": 0.24357329277942577,
      "r2": -0.15743112238864598,
      "mape": 39.058801371459104,
      "correlation": 0.40029242000753995,
      "max_error": 0.4739986062049866,
      "nrmse": 1.0758397289506676
    },
    {
      "mse": 0.0756708498916522,
      "rmse": 0.27508335080780916,
      "mae": 0.24191442411392927,
      "r2": -0.17451927985267535,
      "mape": 41.14254485366449,
      "correlation": 0.21791894627403746,
      "max_error": 0.4838410019874573,
      "nrmse": 1.0837524070804527
    },
    {
      "mse": 0.08682085890477835,
      "rmse": 0.2946537949946994,
      "mae": 0.26934429227064055,
      "r2": -0.3475832876601579,
      "mape": 44.52765825317791,