{
  "best_epoch": 0,
  "train_time_seconds": 0,
  "created_at": "2025-08-09T01:32:30.398464",
  "model_params": 897,
  "val_mse": 0.13240169448208405,
  "val_rmse": 0.3638704363947201,
  "val_mae": 0.3187191883722941,
  "val_r2": -1.1449073227633209,
  "val_mape": 37.28508540138347,
  "val_correlation": 0.46779976964900594,
  "val_max_error": 0.5443865060806274,
  "val_nrmse": 1.4645502117589964,
  "test_mse": 0.13240169448208405,
  "test_rmse": 0.3638704363947201,
  "test_mae": 0.3187191883722941,
  "test_r2": -1.1449073227633209,
  "test_mape": 37.28508540138347,
  "test_correlation": 0.46779976964900594,
  "test_max_error": 0.5443865060806274,
  "test_nrmse": 1.4645502117589964,
  "config": {
    "arch": {
      "h1": 32,
      "h2": 16,
      "dropout": 0.25
    },
    "training": {
      "lr": 0.001,
      "epochs": 200
    },
    "device": "cpu"
  }
}