{
  "rqa_sig": "m2_tau1_eps0.07_lmin2",
  "generated_at": "2025-08-06T16:25:19.773111",
  "feature_names": [
    "game_duration",
    "roi_kw_time",
    "roi_inst_time",
    "roi_bg_time",
    "rr_1d",
    "det_1d",
    "ent_1d",
    "rr_2d",
    "det_2d",
    "ent_2d"
  ],
  "samples": {
    "Q1": 60,
    "Q2": 60,
    "Q3": 60,
    "Q4": 60,
    "Q5": 60
  },
  "val_split": 0.2,
  "random_state": 42,
  "feature_statistics": {
    "Q1": {
      "mean": [
        0.30850477697672984,
        0.37397689614912416,
        0.05711571729350118,
        0.3471359819888179,
        0.1901720071182214,
        0.6010625072964183,
        0.4857678773315686,
        0.12075725624263953,
        0.574228682211382,
        0.5003537468855214
      ],
      "std": [
        0.27014897501167523,
        0.20859198536606133,
        0.07238150743713442,
        0.30533364570727606,
        0.10806755986123028,
        0.2166176637439927,
        0.16633645953723777,
        0.08922876184425885,
        0.25957895564807887,
        0.17814141186956953
      ],
      "min": [
        0.001172264228356,
        0.131525789509689,
        0.0,
        0.0,
        0.0475670830000867,
        0.1542924800215636,
        0.075641527241553,
        0.0039590766646735,
        0.0663630793990435,
        0.1271545885539592
      ],
      "max": [
        1.0,
        0.999372273055628,
        0.3915519763760883,
        1.0,
        0.5459530385978234,
        0.9562161637139626,
        0.8504635232572377,
        0.3710524331913087,
        1.0,
        0.8815008311500874
      ]
    },
    "Q2": {
      "mean": [
        0.25031846511536965,
        0.37281428905585273,
        0.08707690360041337,
        0.25182472468904654,
        0.12205037393184373,
        0.5063048441099851,
        0.4138491910079202,
        0.07661668400938924,
        0.5745704379270563,
        0.48555789811940847
      ],
      "std": [
        0.1999088556001034,
        0.2118675416199408,
        0.08969056581117252,
        0.23963753421419415,
        0.05216340247141133,
        0.1939858765115169,
        0.1519923374288638,
        0.049047943809590565,
        0.18981569405714221,
        0.16252758893362
      ],
      "min": [
        0.0,
        0.0894478627381889,
        0.0,
        0.0,
        0.0381953420821758,
        0.147149773710255,
        0.0765783017088627,
        0.0147407804910811,
        0.2510058844273499,
        0.1251668201074719
      ],
      "max": [
        1.0,
        1.0,
        0.5001198407149761,
        1.0,
        0.2828581228212386,
        0.9266021192463836,
        1.0,
        0.2655568721533177,
        0.9669046281970546,
        0.9814741407907794
      ]
    },
    "Q3": {
      "mean": [
        0.2694087880741646,
        0.15106319906688545,
        0.19863983751922382,
        0.21471828004491347,
        0.10372684749788906,
        0.4958269367647663,
        0.39219321349194214,
        0.09506930093673817,
        0.5994133714318531,
        0.45487179438177494
      ],
      "std": [
        0.2557308114926971,
        0.08714403287683631,
        0.10225034730494968,
        0.1727617773677433,
        0.057636808852442316,
        0.18697105215331303,
        0.14978034864583895,
        0.05156045640380643,
        0.19027820189106495,
        0.14974639287612326
      ],
      "min": [
        0.0,
        0.0183929587881557,
        0.0263045035216101,
        3.585789659012529e-06,
        0.0,
        0.0345379281058926,
        0.0,
        0.0059214040224317,
        0.1499022975185464,
        0.0942358353224224
      ],
      "max": [
        1.0,
        0.5153255295558715,
        0.5045649710924285,
        0.6836702421770625,
        0.2883033491432302,
        0.8149832858505696,
        0.8047525523509129,
        0.2715496259933297,
        0.941815522148483,
        0.8598513592141452
      ]
    },
    "Q4": {
      "mean": [
        0.42674813903053704,
        0.3773502723520344,
        0.47905155853383263,
        0.3582882778862681,
        0.3207458530360053,
        0.5940382996628917,
        0.5438162073186115,
        0.24376414868060078,
        0.6028518495496865,
        0.5615945732476213
      ],
      "std": [
        0.28764190611785545,
        0.25529844889454345,
        0.2948641897168489,
        0.28851472369632053,
        0.2729696236909713,
        0.27348459297748196,
        0.2282701250332088,
        0.2633950691493869,
        0.237622271550949,
        0.18863896616568526
      ],
      "min": [
        0.0,
        0.02103896338575,
        0.0089151534850177,
        0.0,
        0.0254434204891088,
        0.147065266904759,
        0.2173183789547986,
        0.0,
        0.0593370786449686,
        0.2257730249508008
      ],
      "max": [
        1.0,
        1.0,
        1.0,
        0.9987894374111184,
        1.0,
        1.0,
        0.9594995339490152,
        1.0,
        0.9791468813806364,
        1.0
      ]
    },
    "Q5": {
      "mean": [
        0.2812086044194354,
        0.0,
        0.2739847974170357,
        0.40945864377307356,
        0.14996074389977776,
        0.3958992521051574,
        0.32303097089984323,
        0.08525555612528553,
        0.5013313465127089,
        0.3845753731048173
      ],
      "std": [
        0.23067262982904224,
        0.0,
        0.14913669358013662,
        0.26249665407918127,
        0.07985585316057689,
        0.1817346144645364,
        0.13816485884785076,
        0.05660522122710203,
        0.17885827020470219,
        0.15187052727213943
      ],
      "min": [
        0.0,
        0.0,
        0.052441870141028,
        0.00860948097129,
        0.008996060090585,
        0.0,
        0.0545623043258862,
        0.0006178110233283,
        0.0,
        0.0
      ],
      "max": [
        1.0,
        0.0,
        0.6436086492991275,
        1.0,
        0.3927632034912968,
        0.8072515364460355,
        0.723449634173417,
        0.2936114578785914,
        0.9140899542127516,
        0.7658013476213418
      ]
    }
  }
}