{
  "rqa_sig": "m2_tau1_eps0.055_lmin2",
  "generated_at": "2025-08-06T15:40:52.433721",
  "feature_names": [
    "game_duration",
    "roi_kw_time",
    "roi_inst_time",
    "roi_bg_time",
    "rr_1d",
    "det_1d",
    "ent_1d",
    "rr_2d",
    "det_2d",
    "ent_2d"
  ],
  "samples": {
    "Q1": 60,
    "Q2": 60,
    "Q3": 60,
    "Q4": 60,
    "Q5": 60
  },
  "val_split": 0.2,
  "random_state": 42,
  "feature_statistics": {
    "Q1": {
      "mean": [
        0.30850477697672984,
        0.37397689614912416,
        0.05711571729350118,
        0.3471359819888179,
        0.19333801645069248,
        0.5951633500989146,
        0.4580015329085291,
        0.1275254917513944,
        0.5825412693934834,
        0.4345821470954362
      ],
      "std": [
        0.27014897501167523,
        0.20859198536606133,
        0.07238150743713442,
        0.30533364570727606,
        0.10829050447346611,
        0.2226447462265091,
        0.17150263843209693,
        0.09662174014383575,
        0.21032947988346334,
        0.17386348792243222
      ],
      "min": [
        0.001172264228356,
        0.131525789509689,
        0.0,
        0.0,
        0.0425002774942769,
        0.0561159916617033,
        0.0667730918895246,
        0.0071391856684871,
        0.1773334966295416,
        0.0990338123452558
      ],
      "max": [
        1.0,
        0.999372273055628,
        0.3915519763760883,
        1.0,
        0.5481170057127741,
        1.0,
        0.8235005377989982,
        0.3946130484613591,
        0.9722067780835854,
        0.8528130673456473
      ]
    },
    "Q2": {
      "mean": [
        0.25031846511536965,
        0.37281428905585273,
        0.08707690360041337,
        0.25182472468904654,
        0.1269567990671326,
        0.5196012763434682,
        0.3869029937523553,
        0.08625917861523714,
        0.5963385022485348,
        0.43547100526517096
      ],
      "std": [
        0.1999088556001034,
        0.2118675416199408,
        0.08969056581117252,
        0.23963753421419415,
        0.05194621724768854,
        0.19628817086605194,
        0.15864150739139404,
        0.056633426198694374,
        0.19382198233436468,
        0.17500660036938012
      ],
      "min": [
        0.0,
        0.0894478627381889,
        0.0,
        0.0,
        0.0420117384057074,
        0.1448481591710757,
        0.0989744867637587,
        0.0154644017604136,
        0.2363349712123868,
        0.0535328767736994
      ],
      "max": [
        1.0,
        1.0,
        0.5001198407149761,
        1.0,
        0.2923929471607248,
        0.9534353514132924,
        1.0,
        0.2920586580100391,
        1.0,
        1.0
      ]
    },
    "Q3": {
      "mean": [
        0.2694087880741646,
        0.15106319906688545,
        0.19863983751922382,
        0.21471828004491347,
        0.11410157526919236,
        0.5107191716400689,
        0.3676886991053307,
        0.10871185352612596,
        0.6240821481882103,
        0.4170986061693633
      ],
      "std": [
        0.2557308114926971,
        0.08714403287683631,
        0.10225034730494968,
        0.1727617773677433,
        0.05788031396319003,
        0.17671191417061358,
        0.15978428054130625,
        0.05811969227965924,
        0.157232421017424,
        0.16746115566025754
      ],
      "min": [
        0.0,
        0.0183929587881557,
        0.0263045035216101,
        3.585789659012529e-06,
        0.0,
        0.1098729395604395,
        0.0,
        0.0029687254415139,
        0.2356975120976439,
        0.05926306621767
      ],
      "max": [
        1.0,
        0.5153255295558715,
        0.5045649710924285,
        0.6836702421770625,
        0.2840437055724273,
        0.8259774881516586,
        0.8325183205546791,
        0.3226687681328815,
        0.9363317621697896,
        0.8393257106783631
      ]
    },
    "Q4": {
      "mean": [
        0.42674813903053704,
        0.3773502723520344,
        0.47905155853383263,
        0.3582882778862681,
        0.3047719084274735,
        0.5805206118032971,
        0.505066049786558,
        0.22766686838466174,
        0.5933011899931249,
        0.4900522145248818
      ],
      "std": [
        0.28764190611785545,
        0.25529844889454345,
        0.2948641897168489,
        0.28851472369632053,
        0.25977504584366345,
        0.2736634249183986,
        0.22318940640245613,
        0.25391040287500316,
        0.2021190187133465,
        0.18232404736545516
      ],
      "min": [
        0.0,
        0.02103896338575,
        0.0089151534850177,
        0.0,
        0.0263651315157448,
        0.1607142857142856,
        0.1708503510398339,
        0.0,
        0.0,
        0.2306583230102838
      ],
      "max": [
        1.0,
        1.0,
        1.0,
        0.9987894374111184,
        1.0,
        0.9890613408585102,
        0.940401577840694,
        1.0,
        0.952324836426557,
        0.92176932493979
      ]
    },
    "Q5": {
      "mean": [
        0.2812086044194354,
        0.0,
        0.2739847974170357,
        0.40945864377307356,
        0.14926441600622986,
        0.42029067156208516,
        0.3010363205029905,
        0.09629406047044053,
        0.5740417157413333,
        0.34139375468571004
      ],
      "std": [
        0.23067262982904224,
        0.0,
        0.14913669358013662,
        0.26249665407918127,
        0.07784509836069585,
        0.19245162514466832,
        0.15698252527302028,
        0.061915989344606175,
        0.13566092337347876,
        0.16821396403787864
      ],
      "min": [
        0.0,
        0.0,
        0.052441870141028,
        0.00860948097129,
        0.021034299537535,
        0.0,
        0.0386785368241601,
        0.0037139010584524,
        0.2555753280863545,
        0.0
      ],
      "max": [
        1.0,
        0.0,
        0.6436086492991275,
        1.0,
        0.3591803465750549,
        0.8786157024793391,
        0.7795361681569417,
        0.2824213160839944,
        0.8721895310733198,
        0.7520813029111105
      ]
    }
  }
}