{
  "rqa_sig": "m2_tau1_eps0.08_lmin2",
  "generated_at": "2025-08-06T15:41:09.568856",
  "feature_names": [
    "game_duration",
    "roi_kw_time",
    "roi_inst_time",
    "roi_bg_time",
    "rr_1d",
    "det_1d",
    "ent_1d",
    "rr_2d",
    "det_2d",
    "ent_2d"
  ],
  "samples": {
    "Q1": 60,
    "Q2": 60,
    "Q3": 60,
    "Q4": 60,
    "Q5": 60
  },
  "val_split": 0.2,
  "random_state": 42,
  "feature_statistics": {
    "Q1": {
      "mean": [
        0.30850477697672984,
        0.37397689614912416,
        0.05711571729350118,
        0.3471359819888179,
        0.1879599874754581,
        0.6167234709932392,
        0.48241980287593295,
        0.11859427185006997,
        0.5824942601657448,
        0.5265012852700578
      ],
      "std": [
        0.27014897501167523,
        0.20859198536606133,
        0.07238150743713442,
        0.30533364570727606,
        0.10578752874441882,
        0.2224253373034928,
        0.16719585173839174,
        0.0846790260948495,
        0.2805334620563553,
        0.17134864631389746
      ],
      "min": [
        0.001172264228356,
        0.131525789509689,
        0.0,
        0.0,
        0.0531617054544805,
        0.0825675012072523,
        0.0598458244731933,
        0.0061682824229215,
        0.0046212296364893,
        0.1468252402436095
      ],
      "max": [
        1.0,
        0.999372273055628,
        0.3915519763760883,
        1.0,
        0.5446174613791288,
        0.9456210507800176,
        0.8257595912423971,
        0.3716395262502941,
        0.9978886549990368,
        0.9216257794971991
      ]
    },
    "Q2": {
      "mean": [
        0.25031846511536965,
        0.37281428905585273,
        0.08707690360041337,
        0.25182472468904654,
        0.12120585962698474,
        0.5245245900363948,
        0.4028519138716672,
        0.07353953784390813,
        0.5706924815157152,
        0.5043925110668531
      ],
      "std": [
        0.1999088556001034,
        0.2118675416199408,
        0.08969056581117252,
        0.23963753421419415,
        0.05105526146961797,
        0.18616356027365943,
        0.14941384901477273,
        0.044867612571997506,
        0.20873759390151567,
        0.14370492537084575
      ],
      "min": [
        0.0,
        0.0894478627381889,
        0.0,
        0.0,
        0.0397287786869869,
        0.1410900329395504,
        0.0890238205296704,
        0.0140445840377294,
        0.1963191617554022,
        0.259002645979021
      ],
      "max": [
        1.0,
        1.0,
        0.5001198407149761,
        1.0,
        0.2835736468832175,
        0.93985584274052,
        0.9378123776889932,
        0.2432669514123809,
        0.9710349182557768,
        0.9463015606369384
      ]
    },
    "Q3": {
      "mean": [
        0.2694087880741646,
        0.15106319906688545,
        0.19863983751922382,
        0.21471828004491347,
        0.09892832253779597,
        0.5029171487811903,
        0.38144651159858844,
        0.0904791393720351,
        0.5972481673512576,
        0.47699235161431647
      ],
      "std": [
        0.2557308114926971,
        0.08714403287683631,
        0.10225034730494968,
        0.1727617773677433,
        0.056028584175802774,
        0.1970416457485622,
        0.14639488299416045,
        0.04829990899284679,
        0.20302865590173663,
        0.1344518012150484
      ],
      "min": [
        0.0,
        0.0183929587881557,
        0.0263045035216101,
        3.585789659012529e-06,
        0.0,
        0.0229504012334357,
        0.0,
        0.0084047631283607,
        0.0870014268642441,
        0.1283662257866721
      ],
      "max": [
        1.0,
        0.5153255295558715,
        0.5045649710924285,
        0.6836702421770625,
        0.2871111116353915,
        0.8287346074775851,
        0.7282153133047758,
        0.2505392377069405,
        0.9349638879640126,
        0.8343800971792925
      ]
    },
    "Q4": {
      "mean": [
        0.42674813903053704,
        0.3773502723520344,
        0.47905155853383263,
        0.3582882778862681,
        0.32564645226740296,
        0.6200580281166898,
        0.5470016901595227,
        0.2515640269572731,
        0.6128953512640306,
        0.5883971834072718
      ],
      "std": [
        0.28764190611785545,
        0.25529844889454345,
        0.2948641897168489,
        0.28851472369632053,
        0.27174999617372114,
        0.27011158417414843,
        0.23760123735272684,
        0.265491240339022,
        0.2664476945192118,
        0.18362202382233794
      ],
      "min": [
        0.0,
        0.02103896338575,
        0.0089151534850177,
        0.0,
        0.0246703825816385,
        0.182820054654376,
        0.1968755372503698,
        0.0007860471912168,
        0.0,
        0.3284708200860141
      ],
      "max": [
        1.0,
        1.0,
        1.0,
        0.9987894374111184,
        1.0,
        1.0,
        1.0,
        1.0,
        1.0,
        1.0
      ]
    },
    "Q5": {
      "mean": [
        0.2812086044194354,
        0.0,
        0.2739847974170357,
        0.40945864377307356,
        0.15202620810665432,
        0.4049379734154495,
        0.3106302364591198,
        0.08206640014846926,
        0.47977005977436415,
        0.4043686861018395
      ],
      "std": [
        0.23067262982904224,
        0.0,
        0.14913669358013662,
        0.26249665407918127,
        0.07959707412707297,
        0.1784165507132195,
        0.13164693883756534,
        0.05343785230237685,
        0.20117072382939397,
        0.1452293480443352
      ],
      "min": [
        0.0,
        0.0,
        0.052441870141028,
        0.00860948097129,
        0.0037973085745799,
        0.0,
        0.0200886614432088,
        0.0,
        0.0216003542559503,
        0.0
      ],
      "max": [
        1.0,
        0.0,
        0.6436086492991275,
        1.0,
        0.3978774237756252,
        0.8148950672829994,
        0.6633994577222398,
        0.2774264052523427,
        0.8434803023156673,
        0.727314745987939
      ]
    }
  }
}