{
  "rqa_sig": "m2_tau1_eps0.06_lmin2",
  "generated_at": "2025-08-06T16:25:12.110790",
  "feature_names": [
    "game_duration",
    "roi_kw_time",
    "roi_inst_time",
    "roi_bg_time",
    "rr_1d",
    "det_1d",
    "ent_1d",
    "rr_2d",
    "det_2d",
    "ent_2d"
  ],
  "samples": {
    "Q1": 60,
    "Q2": 60,
    "Q3": 60,
    "Q4": 60,
    "Q5": 60
  },
  "val_split": 0.2,
  "random_state": 42,
  "feature_statistics": {
    "Q1": {
      "mean": [
        0.30850477697672984,
        0.37397689614912416,
        0.05711571729350118,
        0.3471359819888179,
        0.1893295277557585,
        0.5910739656997462,
        0.47641183151754307,
        0.12388557898929511,
        0.5440188564231184,
        0.4509072812432163
      ],
      "std": [
        0.27014897501167523,
        0.20859198536606133,
        0.07238150743713442,
        0.30533364570727606,
        0.10751977070620199,
        0.22747597923033602,
        0.16855588853984427,
        0.0919858257780556,
        0.26149250299385834,
        0.18085133382220864
      ],
      "min": [
        0.001172264228356,
        0.131525789509689,
        0.0,
        0.0,
        0.0395369952428068,
        0.0499656952351541,
        0.0994297766703917,
        0.0052112540216256,
        0.0588056096016687,
        0.0836547550577129
      ],
      "max": [
        1.0,
        0.999372273055628,
        0.3915519763760883,
        1.0,
        0.5324583729781995,
        1.0,
        0.8324038701217591,
        0.3601449034558512,
        0.988843911338047,
        0.8638817787283937
      ]
    },
    "Q2": {
      "mean": [
        0.25031846511536965,
        0.37281428905585273,
        0.08707690360041337,
        0.25182472468904654,
        0.12287709086765795,
        0.5075731433728339,
        0.40390271571422937,
        0.08229221311270353,
        0.5519000802823755,
        0.44317565917396157
      ],
      "std": [
        0.1999088556001034,
        0.2118675416199408,
        0.08969056581117252,
        0.23963753421419415,
        0.05215734072632374,
        0.20266713071403833,
        0.15759168672574164,
        0.052827301711681415,
        0.2186838609845665,
        0.17109608339037344
      ],
      "min": [
        0.0,
        0.0894478627381889,
        0.0,
        0.0,
        0.0353451925755099,
        0.1466498069685428,
        0.1012112820620506,
        0.0179293184454456,
        0.1819422949657907,
        0.1010487389896529
      ],
      "max": [
        1.0,
        1.0,
        0.5001198407149761,
        1.0,
        0.2855174630807177,
        0.9494859287316864,
        1.0,
        0.2781535754997632,
        1.0,
        1.0
      ]
    },
    "Q3": {
      "mean": [
        0.2694087880741646,
        0.15106319906688545,
        0.19863983751922382,
        0.21471828004491347,
        0.10807425799376226,
        0.49362180689780527,
        0.3820678099604228,
        0.10357630609269665,
        0.5929823717006585,
        0.4332224703480908
      ],
      "std": [
        0.2557308114926971,
        0.08714403287683631,
        0.10225034730494968,
        0.1727617773677433,
        0.05734216799279798,
        0.18303978016420017,
        0.15133332157887266,
        0.05510225245190366,
        0.18696110126459708,
        0.16071243397541762
      ],
      "min": [
        0.0,
        0.0183929587881557,
        0.0263045035216101,
        3.585789659012529e-06,
        0.0,
        0.0802760183750859,
        0.0,
        0.0048801707783449,
        0.1722700752621495,
        0.0590550061858602
      ],
      "max": [
        1.0,
        0.5153255295558715,
        0.5045649710924285,
        0.6836702421770625,
        0.2812673516410733,
        0.8211018355421936,
        0.8185059149904188,
        0.3069642503496023,
        0.954121482088315,
        0.8602429469020632
      ]
    },
    "Q4": {
      "mean": [
        0.42674813903053704,
        0.3773502723520344,
        0.47905155853383263,
        0.3582882778862681,
        0.30759418982224757,
        0.5787757294212919,
        0.5241455561903904,
        0.2326137727406431,
        0.5690994504421815,
        0.5130766690122741
      ],
      "std": [
        0.28764190611785545,
        0.25529844889454345,
        0.2948641897168489,
        0.28851472369632053,
        0.26357740983966665,
        0.28013801121172666,
        0.22323155360308178,
        0.2560844647908818,
        0.23723476205175628,
        0.19254873707517686
      ],
      "min": [
        0.0,
        0.02103896338575,
        0.0089151534850177,
        0.0,
        0.0250950394685944,
        0.1264346102652117,
        0.1941815570315928,
        0.0,
        0.0,
        0.1997261335145137
      ],
      "max": [
        1.0,
        1.0,
        1.0,
        0.9987894374111184,
        1.0,
        0.9976592548492214,
        0.9386212118108114,
        1.0,
        0.9730475771753556,
        0.9659851813500172
      ]
    },
    "Q5": {
      "mean": [
        0.2812086044194354,
        0.0,
        0.2739847974170357,
        0.40945864377307356,
        0.1451707756813348,
        0.3919947634306867,
        0.32218166380928903,
        0.09174961357842987,
        0.5046649855952,
        0.3575562350785268
      ],
      "std": [
        0.23067262982904224,
        0.0,
        0.14913669358013662,
        0.26249665407918127,
        0.07702505699975497,
        0.18878891895960326,
        0.14867488033713647,
        0.05840792931909826,
        0.16314733213884966,
        0.16505423922277643
      ],
      "min": [
        0.0,
        0.0,
        0.052441870141028,
        0.00860948097129,
        0.0155890240314516,
        0.0,
        0.0210539863086883,
        0.0033413068448759,
        0.1720341674644999,
        0.0
      ],
      "max": [
        1.0,
        0.0,
        0.6436086492991275,
        1.0,
        0.3680459826533159,
        0.8531672519163819,
        0.7527709986564328,
        0.2784102562415539,
        0.8647645071005792,
        0.7639995184933229
      ]
    }
  }
}