{
  "rqa_sig": "m3_tau1_eps0.05_lmin2",
  "generated_at": "2025-08-06T15:41:02.145737",
  "feature_names": [
    "game_duration",
    "roi_kw_time",
    "roi_inst_time",
    "roi_bg_time",
    "rr_1d",
    "det_1d",
    "ent_1d",
    "rr_2d",
    "det_2d",
    "ent_2d"
  ],
  "samples": {
    "Q1": 60,
    "Q2": 60,
    "Q3": 60,
    "Q4": 60,
    "Q5": 60
  },
  "val_split": 0.2,
  "random_state": 42,
  "feature_statistics": {
    "Q1": {
      "mean": [
        0.30850477697672984,
        0.37397689614912416,
        0.05711571729350118,
        0.3471359819888179,
        0.194962105170141,
        0.5274895062168582,
        0.5752274014477179,
        0.1495030019604081,
        0.4818451314492456,
        0.5261292158027885
      ],
      "std": [
        0.27014897501167523,
        0.20859198536606133,
        0.07238150743713442,
        0.30533364570727606,
        0.13996199990848343,
        0.23038157615145294,
        0.1400971985337521,
        0.12304570854072092,
        0.18905952258400974,
        0.16086153349686952
      ],
      "min": [
        0.001172264228356,
        0.131525789509689,
        0.0,
        0.0,
        0.01424276478701,
        0.0376635878601972,
        0.3092241936241197,
        0.0095268998172713,
        0.1209970474676358,
        0.1538124188643261
      ],
      "max": [
        1.0,
        0.999372273055628,
        0.3915519763760883,
        1.0,
        0.7385127256952555,
        0.9703488203638588,
        0.890291495184161,
        0.5503084971633987,
        0.911302982731554,
        0.9043928952179132
      ]
    },
    "Q2": {
      "mean": [
        0.25031846511536965,
        0.37281428905585273,
        0.08707690360041337,
        0.25182472468904654,
        0.12475885206109036,
        0.46660322977809504,
        0.5313678007599179,
        0.11221693240894506,
        0.5019947904331364,
        0.5323111338768562
      ],
      "std": [
        0.1999088556001034,
        0.2118675416199408,
        0.08969056581117252,
        0.23963753421419415,
        0.07397230285748091,
        0.22536770725010632,
        0.14416805085650947,
        0.08238577127711197,
        0.17141707718302462,
        0.15906481527226374
      ],
      "min": [
        0.0,
        0.0894478627381889,
        0.0,
        0.0,
        0.0233326919353708,
        0.0635156741176062,
        0.1984323337642666,
        0.0100394111331432,
        0.0949656750572082,
        0.1308280262123029
      ],
      "max": [
        1.0,
        1.0,
        0.5001198407149761,
        1.0,
        0.374835824975635,
        0.9729556383029222,
        0.9773323641897776,
        0.4191454843486914,
        0.8340332759609871,
        1.0
      ]
    },
    "Q3": {
      "mean": [
        0.2694087880741646,
        0.15106319906688545,
        0.19863983751922382,
        0.21471828004491347,
        0.12837005443408508,
        0.5545851957484143,
        0.5107489813140919,
        0.13743478850773655,
        0.5457856443981236,
        0.5051615480029817
      ],
      "std": [
        0.2557308114926971,
        0.08714403287683631,
        0.10225034730494968,
        0.1727617773677433,
        0.07354506315076233,
        0.17537273602542472,
        0.14754230329345208,
        0.0747839751993986,
        0.15153316768360994,
        0.15611990150338503
      ],
      "min": [
        0.0,
        0.0183929587881557,
        0.0263045035216101,
        3.585789659012529e-06,
        0.0055484696122494,
        0.0,
        0.1436267973654723,
        0.0063464247039987,
        0.0909312530472941,
        0.1538124188643261
      ],
      "max": [
        1.0,
        0.5153255295558715,
        0.5045649710924285,
        0.6836702421770625,
        0.4061691737474392,
        1.0,
        0.9574601606350184,
        0.4269321471690181,
        0.8318452380952382,
        0.8879673482291326
      ]
    },
    "Q4": {
      "mean": [
        0.42674813903053704,
        0.3773502723520344,
        0.47905155853383263,
        0.3582882778862681,
        0.27227196761890116,
        0.4924797384718486,
        0.5926633400739053,
        0.21336479414711956,
        0.41665887751216907,
        0.5607933328244558
      ],
      "std": [
        0.28764190611785545,
        0.25529844889454345,
        0.2948641897168489,
        0.28851472369632053,
        0.2710934172497353,
        0.2502008699201098,
        0.1614734101875969,
        0.2538102848840365,
        0.17803494520058435,
        0.13051890697497195
      ],
      "min": [
        0.0,
        0.02103896338575,
        0.0089151534850177,
        0.0,
        0.0027887704580588,
        0.0631790347884219,
        0.339096048454848,
        0.0,
        0.0,
        0.3309070413400303
      ],
      "max": [
        1.0,
        1.0,
        1.0,
        0.9987894374111184,
        1.0,
        0.9601444362186784,
        1.0,
        1.0,
        0.8215848162889384,
        0.8926813337684669
      ]
    },
    "Q5": {
      "mean": [
        0.2812086044194354,
        0.0,
        0.2739847974170357,
        0.40945864377307356,
        0.14976072408459112,
        0.5060053030411866,
        0.4812506730270574,
        0.13298761762120134,
        0.5893939585008219,
        0.42622480938527363
      ],
      "std": [
        0.23067262982904224,
        0.0,
        0.14913669358013662,
        0.26249665407918127,
        0.09518762055501674,
        0.19859162309381456,
        0.15184012606286246,
        0.08066480687208773,
        0.17025082743500286,
        0.184663002176472
      ],
      "min": [
        0.0,
        0.0,
        0.052441870141028,
        0.00860948097129,
        0.0,
        0.1056001219488955,
        0.0,
        0.0173957944664768,
        0.1811594202898551,
        0.0
      ],
      "max": [
        1.0,
        0.0,
        0.6436086492991275,
        1.0,
        0.4369158739706801,
        0.955944745149917,
        0.8157199042299605,
        0.307837177799787,
        1.0,
        0.8192933447107121
      ]
    }
  }
}