{
  "loss": [
    27.496944427490234,
    27.409423828125,
    27.746456146240234,
    26.025161743164062,
    24.855623245239258,
    24.087234497070312,
    23.494686126708984,
    21.965225219726562,
    20.583515167236328,
    22.00544548034668,
    18.895370483398438,
    18.884593963623047,
    18.513574600219727,
    17.611967086791992,
    17.050193786621094,
    16.352827072143555,
    15.64355182647705,
    15.5970458984375,
    13.806656837463379,
    13.794435501098633,
    13.996136665344238,
    12.796904563903809,
    13.24080753326416,
    12.611355781555176,
    12.332435607910156,
    12.824647903442383,
    10.158468246459961,
    10.599302291870117,
    9.618666648864746,
    10.286698341369629,
    10.004302978515625,
    8.223910331726074,
    10.088177680969238,
    9.743992805480957,
    8.93631649017334,
    9.300464630126953,
    8.469320297241211,
    7.8135480880737305,
    7.509212493896484,
    7.777523040771484,
    7.128759384155273,
    7.8421173095703125,
    7.742864608764648,
    6.481939792633057,
    7.120508193969727,
    7.905401706695557,
    6.516012191772461,
    6.603395938873291,
    6.524281978607178,
    6.1611247062683105,
    5.238369464874268,
    6.3048415184021,
    6.017652988433838,
    7.039557933807373,
    6.454769134521484,
    5.896657943725586,
    4.81417179107666,
    5.597839832305908,
    4.708600044250488,
    5.860973834991455,
    6.836543083190918,
    5.366593837738037,
    5.838325500488281,
    5.951037406921387,
    7.199295997619629,
    6.234679222106934,
    5.557920455932617,
    5.19425630569458,
    4.969534873962402,
    4.777945041656494,
    4.799896240234375,
    5.115731716156006,
    5.353093147277832,
    5.413671970367432,
    4.496180057525635,
    5.217304229736328,
    4.793745517730713,
    5.644375324249268,
    5.485004901885986,
    4.939640045166016,
    5.768196105957031,
    4.910055160522461,
    5.064537525177002,
    5.111433982849121,
    4.632706642150879,
    4.76323938369751,
    4.694149494171143,
    4.410344123840332,
    5.581335544586182,
    4.358443260192871,
    4.77110481262207,
    3.6363542079925537,
    4.69148588180542,
    4.971701145172119,
    5.222108840942383,
    4.4646453857421875,
    4.502169132232666,
    4.174103736877441,
    3.6572511196136475,
    3.8480842113494873
  ],
  "val_loss": [
    24.7926082611084,
    23.760986328125,
    22.769081115722656,
    21.849441528320312,
    20.962345123291016,
    20.12363624572754,
    19.34415054321289,
    18.61587142944336,
    17.919525146484375,
    17.23472785949707,
    16.575048446655273,
    15.931248664855957,
    15.337709426879883,
    14.799227714538574,
    14.267890930175781,
    13.746244430541992,
    13.252555847167969,
    12.790731430053711,
    12.358572006225586,
    11.956001281738281,
    11.596660614013672,
    11.268284797668457,
    10.948019981384277,
    10.644166946411133,
    10.357389450073242,
    10.092061996459961,
    9.850443840026855,
    9.624464988708496,
    9.418691635131836,
    9.209504127502441,
    9.019403457641602,
    8.836447715759277,
    8.676424026489258,
    8.539929389953613,
    8.410585403442383,
    8.28828239440918,
    8.157687187194824,
    8.047929763793945,
    7.9315972328186035,
    7.813205718994141,
    7.70488977432251,
    7.607125282287598,
    7.52561092376709,
    7.443756103515625,
    7.365721702575684,
    7.3017258644104,
    7.240875244140625,
    7.190625190734863,
    7.136905670166016,
    7.088342189788818,
    7.0403032302856445,
    6.997992038726807,
    6.956814765930176,
    6.914802551269531,
    6.868939399719238,
    6.8217902183532715,
    6.77752685546875,
    6.73258113861084,
    6.6927289962768555,
    6.651440620422363,
    6.61642599105835,
    6.576234340667725,
    6.537652492523193,
    6.494190216064453,
    6.4534149169921875,
    6.417538642883301,
    6.380490303039551,
    6.344484806060791,
    6.309852123260498,
    6.273346900939941,
    6.2459516525268555,
    6.212471008300781,
    6.180187225341797,
    6.143342018127441,
    6.103452205657959,
    6.068378448486328,
    6.035851955413818,
    6.003925323486328,
    5.971455097198486,
    5.941514492034912,
    5.913913726806641,
    5.875951290130615,
    5.838306427001953,
    5.804166316986084,
    5.771581172943115,
    5.736726760864258,
    5.702414512634277,
    5.663427829742432,
    5.625556945800781,
    5.586611747741699,
    5.5495476722717285,
    5.518919467926025,
    5.484100341796875,
    5.444686412811279,
    5.411607265472412,
    5.3831987380981445,
    5.3512864112854,
    5.317661285400391,
    5.283327579498291,
    5.2561187744140625
  ],
  "mse": [
    27.422521591186523,
    27.335147857666016,
    27.672321319580078,
    25.951156616210938,
    24.781742095947266,
    24.01346206665039,
    23.421003341674805,
    21.891624450683594,
    20.509986877441406,
    21.931964874267578,
    18.821918487548828,
    18.811155319213867,
    18.44013023376465,
    17.538515090942383,
    16.976720809936523,
    16.279319763183594,
    15.569994926452637,
    15.523435592651367,
    13.732994079589844,
    13.720703125,
    13.922316551208496,
    12.723003387451172,
    13.166823387145996,
    12.537286758422852,
    12.258284568786621,
    12.750422477722168,
    10.084193229675293,
    10.524981498718262,
    9.544290542602539,
    10.212255477905273,
    9.929797172546387,
    8.14935302734375,
    10.01357364654541,
    9.669344902038574,
    8.861635208129883,
    9.225764274597168,
    8.394584655761719,
    7.738773345947266,
    7.434393405914307,
    7.702648639678955,
    7.0538177490234375,
    7.767106533050537,
    7.667807102203369,
    6.406855583190918,
    7.045352935791016,
    7.830193042755127,
    6.440795421600342,
    6.528204441070557,
    6.449133396148682,
    6.086005210876465,
    5.1632771492004395,
    6.229793548583984,
    5.942666053771973,
    6.9646124839782715,
    6.379858493804932,
    5.821797847747803,
    4.7393717765808105,
    5.523081302642822,
    4.633877277374268,
    5.786274433135986,
    6.761878490447998,
    5.291998386383057,
    5.763797760009766,
    5.876583099365234,
    7.124917984008789,
    6.160398960113525,
    5.483727931976318,
    5.12015438079834,
    4.895528316497803,
    4.704019546508789,
    4.726052761077881,
    5.041967391967773,
    5.279413223266602,
    5.340093612670898,
    4.422677993774414,
    5.143865585327148,
    4.720366954803467,
    5.571043491363525,
    5.411711692810059,
    4.86638879776001,
    5.6949849128723145,
    4.836893558502197,
    4.991443157196045,
    5.038385391235352,
    4.559702396392822,
    4.690260410308838,
    4.621201515197754,
    4.337438106536865,
    5.508485317230225,
    4.285647869110107,
    4.6983866691589355,
    3.563720703125,
    4.618914604187012,
    4.899190902709961,
    5.149659633636475,
    4.392266750335693,
    4.429902076721191,
    4.1019487380981445,
    3.5851714611053467,
    3.7760539054870605
  ],