{
  "loss": [
    31.344017028808594,
    31.072982788085938,
    30.614540100097656,
    28.471050262451172,
    27.503093719482422,
    27.4060001373291,
    27.133831024169922,
    24.873764038085938,
    24.99592399597168,
    22.224721908569336,
    23.317310333251953,
    21.690563201904297,
    21.46343421936035,
    21.011327743530273,
    18.968814849853516,
    18.638500213623047,
    17.79120445251465,
    17.54759979248047,
    17.56035041809082,
    17.36397933959961,
    16.208276748657227,
    14.97208309173584,
    15.211779594421387,
    14.019787788391113,
    13.945384979248047,
    14.135846138000488,
    13.15578842163086,
    12.16960620880127,
    11.761014938354492,
    11.269062995910645,
    11.632476806640625,
    11.008755683898926,
    10.650673866271973,
    10.190814018249512,
    9.132125854492188,
    10.160123825073242,
    7.82588529586792,
    9.680314064025879,
    9.123504638671875,
    9.13068962097168,
    8.594831466674805,
    9.080945014953613,
    7.624267578125,
    8.17342758178711,
    7.189122200012207,
    7.176508903503418,
    7.350286960601807,
    7.216482162475586,
    8.46618366241455,
    6.324682712554932,
    6.87130880355835,
    6.009357452392578,
    6.4711594581604,
    6.610806941986084,
    6.001481533050537,
    6.300959587097168,
    6.478784561157227,
    6.299849510192871,
    6.7478485107421875,
    6.913684844970703,
    4.624741554260254,
    5.649857997894287,
    6.277714252471924,
    6.5627121925354,
    6.26561164855957,
    5.678685188293457,
    6.102306842803955,
    5.9079742431640625,
    5.609445095062256,
    5.511446475982666,
    5.933797359466553,
    6.31765604019165,
    5.55087423324585,
    5.153271198272705,
    6.0538740158081055,
    4.813704013824463,
    5.319324016571045,
    5.488917827606201,
    5.157397747039795,
    4.731006145477295,
    5.097635746002197,
    4.863585948944092,
    4.691174030303955,
    5.0833048820495605,
    5.4936041831970215,
    4.648675441741943,
    4.919803619384766,
    5.76993465423584,
    4.897616863250732,
    4.532487392425537,
    4.572445869445801,
    4.684235572814941,
    4.768290042877197,
    5.105757236480713,
    4.808467864990234,
    4.047102928161621,
    3.9029505252838135,
    4.546850681304932,
    4.261501312255859,
    3.6486029624938965
  ],
  "val_loss": [
    28.95184326171875,
    28.0269718170166,
    27.1368408203125,
    26.2711238861084,
    25.42522430419922,
    24.610090255737305,
    23.822067260742188,
    23.070880889892578,
    22.320417404174805,
    21.597248077392578,
    20.8930606842041,
    20.207380294799805,
    19.55022621154785,
    18.9005126953125,
    18.261240005493164,
    17.6396541595459,
    17.026042938232422,
    16.439044952392578,
    15.87799072265625,
    15.341259956359863,
    14.810015678405762,
    14.301315307617188,
    13.808873176574707,
    13.32307243347168,
    12.859029769897461,
    12.417703628540039,
    11.999621391296387,
    11.599266052246094,
    11.213537216186523,
    10.853132247924805,
    10.516843795776367,
    10.195088386535645,
    9.905036926269531,
    9.623270034790039,
    9.355053901672363,
    9.114442825317383,
    8.870428085327148,
    8.667205810546875,
    8.466338157653809,
    8.29444408416748,
    8.140604972839355,
    8.00096321105957,
    7.8638105392456055,
    7.725527763366699,
    7.594632148742676,
    7.4772629737854,
    7.37222146987915,
    7.269301414489746,
    7.162003517150879,
    7.0631818771362305,
    6.972115993499756,
    6.883360385894775,
    6.8016767501831055,
    6.728280067443848,
    6.668614387512207,
    6.608559608459473,
    6.543656826019287,
    6.484330177307129,
    6.429533958435059,
    6.377983093261719,
    6.322726249694824,
    6.2691216468811035,
    6.228470802307129,
    6.189113140106201,
    6.1474151611328125,
    6.11236572265625,
    6.080665111541748,
    6.059173583984375,
    6.0306782722473145,
    5.996121883392334,
    5.960223197937012,
    5.928007125854492,
    5.893853187561035,
    5.857372283935547,
    5.822278022766113,
    5.7901506423950195,
    5.753631591796875,
    5.716732978820801,
    5.684450626373291,
    5.658139228820801,
    5.628323554992676,
    5.59940242767334,
    5.564708709716797,
    5.532499313354492,
    5.500859260559082,
    5.465327262878418,
    5.425858974456787,
    5.388533592224121,
    5.3531646728515625,
    5.316044807434082,
    5.276569843292236,
    5.244988918304443,
    5.209532737731934,
    5.174943447113037,
    5.142993927001953,
    5.1097612380981445,
    5.075995922088623,
    5.03688907623291,
    4.998488903045654,
    4.969077110290527
  ],
  "mse": [
    31.281095504760742,
    31.010196685791016,
    30.55186653137207,
    28.408470153808594,
    27.440587997436523,
    27.343551635742188,
    27.07142448425293,
    24.81138801574707,
    24.933551788330078,
    22.162338256835938,
    23.2548885345459,
    21.628084182739258,
    21.4008846282959,
    20.948701858520508,
    18.906095504760742,
    18.5756778717041,
    17.728269577026367,
    17.484539031982422,
    17.49715805053711,
    17.300647735595703,
    16.14479637145996,
    14.908439636230469,
    15.147967338562012,
    13.955802917480469,
    13.881217956542969,
    14.071502685546875,
    13.091270446777344,
    12.1049165725708,
    11.696150779724121,
    11.204020500183105,
    11.567258834838867,
    10.943363189697266,
    10.585114479064941,
    10.125097274780273,
    9.066252708435059,
    10.094111442565918,
    7.7597270011901855,
    9.614021301269531,
    9.057095527648926,
    9.064180374145508,
    8.528241157531738,
    9.014294624328613,
    7.5575666427612305,
    8.106670379638672,
    7.122300148010254,
    7.109638214111328,
    7.283372402191162,
    7.149524688720703,
    8.399155616760254,
    6.257595539093018,
    6.8041582107543945,
    5.9421491622924805,
    6.403907775878906,
    6.54351806640625,
    5.9341912269592285,
    6.233679294586182,
    6.411494731903076,
    6.232538223266602,
    6.68051290512085,
    6.846343040466309,
    4.557386875152588,
    5.582479476928711,
    6.210343837738037,
    6.495370388031006,
    6.198258876800537,
    5.611367702484131,
    6.035058498382568,
    5.840832710266113,
    5.542387962341309,
    5.444431304931641,
    5.866822242736816,
    6.250730991363525,
    5.4840087890625,
    5.0864577293396,
    5.987125396728516,
    4.747000217437744,
    5.252665042877197,
    5.422313690185547,
    5.090881824493408,
    4.664610385894775,
    5.0313496589660645,
    4.797394752502441,
    4.625063896179199,
    5.017244338989258,
    5.427582740783691,
    4.582686424255371,
    4.853857517242432,
    5.704017639160156,
    4.831751346588135,
    4.466673374176025,
    4.506680011749268,
    4.6185197830200195,
    4.702630519866943,
    5.040135383605957,
    4.74286413192749,
    3.9815022945404053,
    3.837359666824341,
    4.481260776519775,
    4.1959147453308105,
    3.58304762840271
  ],