{
  "total_samples": 58,
  "train_samples": 46,
  "test_samples": 12,
  "feature_count": 10,
  "target_count": 5,
  "group_distribution": {
    "mci": 20,
    "control": 20,
    "ad": 18
  },
  "feature_names": [
    "eye_coeff_mean",
    "eye_coeff_std",
    "eye_coeff_min",
    "eye_coeff_max",
    "task_count",
    "eye_coeff_q1",
    "eye_coeff_q2",
    "eye_coeff_q3",
    "eye_coeff_q4",
    "eye_coeff_q5"
  ],
  "target_names": [
    "Q1_subscore",
    "Q2_subscore",
    "Q3_subscore",
    "Q4_subscore",
    "Q5_subscore"
  ],
  "target_stats": {
    "Q1_subscore": {
      "mean": 3.706896551724138,
      "std": 1.199541150426632,
      "min": 1.0,
      "max": 5.0
    },
    "Q2_subscore": {
      "mean": 4.362068965517241,
      "std": 0.8313648862609504,
      "min": 2.0,
      "max": 5.0
    },
    "Q3_subscore": {
      "mean": 2.8275862068965516,
      "std": 0.3810387941055742,
      "min": 2.0,
      "max": 3.0
    },
    "Q4_subscore": {
      "mean": 2.9827586206896552,
      "std": 1.395373047150422,
      "min": 0.0,
      "max": 5.0
    },
    "Q5_subscore": {
      "mean": 1.6551724137931034,
      "std": 1.0850131236643619,
      "min": 0.0,
      "max": 3.0
    }
  }
}