{
  "total_samples": 60,
  "train_samples": 48,
  "test_samples": 12,
  "feature_count": 12,
  "target_count": 5,
  "group_distribution": {
    "ad": 20,
    "mci": 20,
    "control": 20
  },
  "feature_names": [
    "eye_coeff_mean",
    "eye_coeff_std",
    "eye_coeff_min",
    "eye_coeff_max",
    "task_count",
    "missing_count",
    "flag_missing_task",
    "eye_coeff_q1",
    "eye_coeff_q2",
    "eye_coeff_q3",
    "eye_coeff_q4",
    "eye_coeff_q5"
  ],
  "target_names": [
    "Q1_subscore",
    "Q2_subscore",
    "Q3_subscore",
    "Q4_subscore",
    "Q5_subscore"
  ],
  "target_stats": {
    "Q1_subscore": {
      "mean": 4.966666666666667,
      "std": 1.9394798067791155,
      "min": 1.0,
      "max": 7.0
    },
    "Q2_subscore": {
      "mean": 6.25,
      "std": 1.083387656178213,
      "min": 3.0,
      "max": 7.0
    },
    "Q3_subscore": {
      "mean": 8.45,
      "std": 1.170614788498269,
      "min": 6.0,
      "max": 9.0
    },
    "Q4_subscore": {
      "mean": 2.95,
      "std": 1.3830082662105745,
      "min": 0.0,
      "max": 5.0
    },
    "Q5_subscore": {
      "mean": 1.6166666666666667,
      "std": 1.0906640282868367,
      "min": 0.0,
      "max": 3.0
    }
  },
  "direction_validation": {
    "correlations": {
      "eye_coeff_mean": 0.7808123839733653,
      "eye_coeff_std": 0.12536386560039828,
      "eye_coeff_min": 0.6615270003160593,
      "eye_coeff_max": 0.7198730255132894,
      "task_count": NaN,
      "missing_count": NaN,
      "flag_missing_task": NaN,
      "eye_coeff_q1": 0.6452796577310826,
      "eye_coeff_q2": 0.6222887443249129,
      "eye_coeff_q3": 0.6548170697178216,
      "eye_coeff_q4": 0.7132121182591078,
      "eye_coeff_q5": 0.5792166273753677
    },
    "negative_features": [],
    "all_positive": true,
    "mmse_total_stats": {
      "mean": 24.333333333333332,
      "std": 4.986506615552651,
      "min": 12.0,
      "max": 31.0
    }
  }
}