{
  "loss": [
    25.976818084716797,
    25.604162216186523,
    25.254220962524414,
    24.897314071655273,
    24.523216247558594,
    24.181913375854492,
    23.804262161254883,
    23.453100204467773,
    23.0793399810791,
    22.711891174316406,
    22.3533992767334,
    21.989330291748047,
    21.6113338470459,
    21.2348575592041,
    20.864349365234375,
    20.485435485839844,
    20.108884811401367,
    19.707897186279297,
    19.3304443359375,
    18.927133560180664,
    18.547082901000977,
    18.145700454711914,
    17.74803352355957,
    17.361570358276367,
    16.96778678894043,
    16.570667266845703,
    16.191720962524414,
    15.805806159973145,
    15.418360710144043,
    15.047560691833496,
    14.687789916992188,
    14.308342933654785,
    13.94213581085205,
    13.588181495666504,
    13.204161643981934,
    12.8451509475708,
    12.470254898071289,
    12.11868953704834,
    11.763212203979492,
    11.424247741699219,
    11.07974910736084,
    10.751041412353516,
    10.427719116210938,
    10.097321510314941,
    9.803781509399414,
    9.519988059997559,
    9.234843254089355,
    8.969660758972168,
    8.707683563232422,
    8.445890426635742,
    8.194241523742676,
    7.961822986602783,
    7.740494728088379,
    7.515766143798828,
    7.2983198165893555,
    7.101464748382568,
    6.897729873657227,
    6.708730220794678,
    6.522638320922852,
    6.356387138366699,
    6.203310966491699,
    6.040525913238525,
    5.884698390960693,
    5.754682540893555,
    5.622509479522705,
    5.491739749908447,
    5.359012126922607,
    5.231784343719482,
    5.11619758605957,
    5.003975868225098,
    4.900825500488281,
    4.800178527832031,
    4.698945999145508,
    4.613462448120117,
    4.530474662780762,
    4.437033176422119,
    4.365414619445801,
    4.282581806182861,
    4.211562633514404,
    4.140282154083252,
    4.0801496505737305,
    4.020685195922852,
    3.961047410964966,
    3.913560628890991,
    3.857334613800049,
    3.8077762126922607,
    3.754046678543091,
    3.7061033248901367,
    3.6641390323638916,
    3.6177194118499756,
    3.5755417346954346,
    3.531442642211914,
    3.4905343055725098,
    3.452496290206909,
    3.414107322692871,
    3.3784003257751465,
    3.33925461769104,
    3.303649663925171,
    3.2674198150634766,
    3.232475519180298
  ],
  "val_loss": [
    29.663000106811523,
    29.358402252197266,
    29.053869247436523,
    28.73858642578125,
    28.415979385375977,
    28.090463638305664,
    27.761581420898438,
    27.408349990844727,
    27.034143447875977,
    26.644878387451172,
    26.25179672241211,
    25.857315063476562,
    25.46543312072754,
    25.072263717651367,
    24.672710418701172,
    24.269886016845703,
    23.865636825561523,
    23.458772659301758,
    23.046913146972656,
    22.64195442199707,
    22.23493003845215,
    21.831100463867188,
    21.429901123046875,
    21.026687622070312,
    20.62795066833496,
    20.23434066772461,
    19.843751907348633,
    19.46028709411621,
    19.085033416748047,
    18.70623779296875,
    18.325448989868164,
    17.93899917602539,
    17.543636322021484,
    17.149667739868164,
    16.7643985748291,
    16.37783432006836,
    15.997428894042969,
    15.620829582214355,
    15.246719360351562,
    14.872095108032227,
    14.508122444152832,
    14.158854484558105,
    13.82531452178955,
    13.511263847351074,
    13.194162368774414,
    12.880908012390137,
    12.585439682006836,
    12.297094345092773,
    12.027657508850098,
    11.765246391296387,
    11.521493911743164,
    11.293461799621582,
    11.07256031036377,
    10.8762845993042,
    10.696823120117188,
    10.520578384399414,
    10.352757453918457,
    10.192652702331543,
    10.045455932617188,
    9.894950866699219,
    9.753572463989258,
    9.646206855773926,
    9.544079780578613,
    9.431741714477539,
    9.350176811218262,
    9.245584487915039,
    9.16846752166748,
    9.089154243469238,
    9.0100736618042,
    8.925158500671387,
    8.851259231567383,
    8.8030366897583,
    8.759299278259277,
    8.697519302368164,
    8.63337230682373,
    8.592039108276367,
    8.547677993774414,
    8.511777877807617,
    8.49644947052002,
    8.47560977935791,
    8.463029861450195,
    8.450828552246094,
    8.429333686828613,
    8.386700630187988,
    8.372100830078125,
    8.34799861907959,
    8.336108207702637,
    8.322709083557129,
    8.323145866394043,
    8.30517864227295,
    8.293642044067383,
    8.281384468078613,
    8.273075103759766,
    8.275731086730957,
    8.278924942016602,
    8.26429557800293,
    8.260866165161133,
    8.259256362915039,
    8.266206741333008,
    8.263572692871094
  ],
  "mse": [
    25.976818084716797,
    25.604162216186523,
    25.254220962524414,
    24.897314071655273,
    24.523216247558594,
    24.181913375854492,
    23.804262161254883,
    23.453100204467773,
    23.0793399810791,
    22.711891174316406,
    22.3533992767334,
    21.989330291748047,
    21.6113338470459,
    21.2348575592041,
    20.864349365234375,
    20.48543357849121,
    20.108884811401367,
    19.707897186279297,
    19.3304443359375,
    18.927133560180664,
    18.547082901000977,
    18.145700454711914,
    17.74803352355957,
    17.361570358276367,
    16.96778678894043,
    16.570667266845703,
    16.191720962524414,
    15.805806159973145,
    15.418360710144043,
    15.047560691833496,
    14.687789916992188,
    14.308342933654785,
    13.94213581085205,
    13.588181495666504,
    13.204161643981934,
    12.8451509475708,
    12.470254898071289,
    12.11868953704834,
    11.763212203979492,
    11.424247741699219,
    11.07974910736084,
    10.751041412353516,
    10.427718162536621,
    10.097321510314941,
    9.803781509399414,
    9.519988059997559,
    9.234843254089355,
    8.969660758972168,
    8.707683563232422,
    8.445890426635742,
    8.194241523742676,
    7.961822986602783,
    7.740494728088379,
    7.515766143798828,
    7.2983198165893555,
    7.101464748382568,
    6.897729873657227,
    6.708730220794678,
    6.522638320922852,
    6.356387138366699,
    6.203310966491699,
    6.040525913238525,
    5.884697914123535,
    5.754682540893555,
    5.622509479522705,
    5.491739749908447,
    5.359012126922607,
    5.231784343719482,
    5.11619758605957,
    5.003975868225098,
    4.900825500488281,
    4.800178527832031,
    4.698945999145508,
    4.613462448120117,
    4.530474662780762,
    4.437033176422119,
    4.365414619445801,
    4.282581806182861,
    4.211562633514404,
    4.140282154083252,
    4.0801496505737305,
    4.020685195922852,
    3.961047410964966,
    3.913560628890991,
    3.857334613800049,
    3.8077762126922607,
    3.754046678543091,
    3.7061033248901367,
    3.6641390323638916,
    3.6177194118499756,
    3.5755417346954346,
    3.531442642211914,
    3.4905343055725098,
    3.452496290206909,
    3.414107322692871,
    3.3784003257751465,
    3.33925461769104,
    3.303649663925171,
    3.2674198150634766,
    3.232475519180298
  ],