{
  "loss": [
    35.93707275390625,
    34.342769622802734,
    34.23701095581055,
    33.053436279296875,
    32.7259407043457,
    31.335006713867188,
    30.273452758789062,
    29.6276798248291,
    28.54987907409668,
    28.103097915649414,
    27.60368537902832,
    27.130342483520508,
    25.82651138305664,
    25.173786163330078,
    24.251449584960938,
    23.34345245361328,
    23.93068504333496,
    22.944360733032227,
    21.49469566345215,
    21.90398597717285,
    20.934612274169922,
    19.873546600341797,
    19.181421279907227,
    18.499191284179688,
    19.139293670654297,
    17.119979858398438,
    16.999147415161133,
    16.31702423095703,
    16.73164939880371,
    15.37445068359375,
    15.16372013092041,
    13.798169136047363,
    14.007094383239746,
    14.156416893005371,
    11.7726469039917,
    11.870800971984863,
    11.904998779296875,
    12.312629699707031,
    10.272798538208008,
    11.467098236083984,
    11.466588020324707,
    10.600584030151367,
    9.953998565673828,
    10.067553520202637,
    9.425117492675781,
    9.31905460357666,
    9.536017417907715,
    9.110040664672852,
    8.446473121643066,
    8.536457061767578,
    7.5507097244262695,
    7.765898704528809,
    7.53369140625,
    7.951155662536621,
    7.086658000946045,
    6.622068405151367,
    6.49470853805542,
    6.983733177185059,
    7.745131492614746,
    6.7107391357421875,
    7.151935577392578,
    7.279348850250244,
    6.794252872467041,
    6.264269828796387,
    7.006600856781006,
    5.764604091644287,
    6.547987937927246,
    7.691381931304932,
    7.224339485168457,
    6.4089765548706055,
    7.296594619750977,
    5.913977146148682,
    6.432228088378906,
    5.9259867668151855,
    5.605515003204346,
    6.685545921325684,
    6.031650066375732,
    6.021043300628662,
    6.428004264831543,
    5.9244585037231445,
    6.5102338790893555,
    6.001102447509766,
    5.77903413772583,
    5.706087112426758,
    4.779576778411865,
    5.866692543029785,
    5.583472728729248,
    5.624253749847412,
    4.779152870178223,
    4.924767971038818,
    5.3107781410217285,
    5.6860222816467285,
    3.961056709289551,
    4.8791656494140625,
    5.81826639175415,
    5.4580230712890625,
    5.1382060050964355,
    5.068612575531006,
    5.8018670082092285,
    5.535475254058838
  ],
  "val_loss": [
    31.238693237304688,
    30.543392181396484,
    29.85952377319336,
    29.196727752685547,
    28.55545425415039,
    27.925384521484375,
    27.304241180419922,
    26.691919326782227,
    26.084857940673828,
    25.483999252319336,
    24.90102767944336,
    24.303096771240234,
    23.72002601623535,
    23.139389038085938,
    22.559534072875977,
    21.985097885131836,
    21.413612365722656,
    20.846445083618164,
    20.284875869750977,
    19.72573471069336,
    19.165742874145508,
    18.618473052978516,
    18.07375144958496,
    17.557214736938477,
    17.043012619018555,
    16.521648406982422,
    16.011411666870117,
    15.500447273254395,
    15.015748977661133,
    14.542543411254883,
    14.080592155456543,
    13.632105827331543,
    13.211825370788574,
    12.801836967468262,
    12.39404582977295,
    11.994474411010742,
    11.623880386352539,
    11.270532608032227,
    10.936941146850586,
    10.613083839416504,
    10.32050895690918,
    10.022473335266113,
    9.74876594543457,
    9.504115104675293,
    9.293095588684082,
    9.07701301574707,
    8.86669635772705,
    8.661420822143555,
    8.476423263549805,
    8.299408912658691,
    8.12281608581543,
    7.981489658355713,
    7.859232425689697,
    7.744557857513428,
    7.634217262268066,
    7.522530555725098,
    7.42227029800415,
    7.331867218017578,
    7.231409549713135,
    7.138554573059082,
    7.064894199371338,
    6.9835381507873535,
    6.902858734130859,
    6.831081390380859,
    6.760599613189697,
    6.690869331359863,
    6.641259670257568,
    6.580760955810547,
    6.5159454345703125,
    6.453339576721191,
    6.384685516357422,
    6.311981678009033,
    6.2507429122924805,
    6.217587471008301,
    6.173293590545654,
    6.141401767730713,
    6.103238582611084,
    6.068816661834717,
    6.04645299911499,
    6.018977165222168,
    6.00592041015625,
    5.977311611175537,
    5.9500813484191895,
    5.929073333740234,
    5.894869804382324,
    5.8643622398376465,
    5.818179607391357,
    5.763113975524902,
    5.7031354904174805,
    5.634075164794922,
    5.586942195892334,
    5.536876678466797,
    5.495569229125977,
    5.455334186553955,
    5.409749984741211,
    5.3598313331604,
    5.3272905349731445,
    5.283865451812744,
    5.241909027099609,
    5.216049671173096
  ],
  "mse": [
    35.33064270019531,
    33.738929748535156,
    33.63552474975586,
    32.45410919189453,
    32.12858581542969,
    30.739521026611328,
    29.679662704467773,
    29.03535270690918,
    27.958858489990234,
    27.513174057006836,
    27.014619827270508,
    26.541990280151367,
    25.238727569580078,
    24.586408615112305,
    23.664291381835938,
    22.756372451782227,
    23.343673706054688,
    22.35736083984375,
    20.907672882080078,
    21.316768646240234,
    20.347082138061523,
    19.285707473754883,
    18.5931453704834,
    17.910314559936523,
    18.549819946289062,
    16.529857635498047,
    16.408300399780273,
    15.725398063659668,
    16.139245986938477,
    14.78127384185791,
    14.569716453552246,
    13.203292846679688,
    13.411395072937012,
    13.560018539428711,
    11.175503730773926,
    11.272786140441895,
    11.306076049804688,
    11.712939262390137,
    9.672465324401855,
    10.866166114807129,
    10.865180969238281,
    9.9985990524292,
    9.351351737976074,
    9.464404106140137,
    8.821708679199219,
    8.71548843383789,
    8.932125091552734,
    8.505655288696289,
    7.841618537902832,
    7.931329250335693,
    6.9451904296875,
    7.1600022315979,
    6.9278154373168945,
    7.3453898429870605,
    6.4810380935668945,
    6.016515731811523,
    5.88918924331665,
    6.378479480743408,
    7.139952182769775,
    6.105449199676514,
    6.5466814041137695,
    6.674432277679443,
    6.189479827880859,
    5.659722328186035,
    6.402286529541016,
    5.160475254058838,
    5.944364070892334,
    7.088522434234619,
    6.622160911560059,
    5.807486057281494,
    6.69567346572876,
    5.313500881195068,
    5.832129001617432,
    5.32655143737793,
    5.006899356842041,
    6.087683200836182,
    5.434686660766602,
    5.425153732299805,
    5.833268642425537,
    5.330911159515381,
    5.917680263519287,
    5.409604549407959,
    5.18854284286499,
    5.116680145263672,
    4.191100597381592,
    5.279111862182617,
    4.996800422668457,
    5.038346767425537,
    4.193983554840088,
    4.340017318725586,
    4.726381778717041,
    5.102313041687012,
    3.377850294113159,
    4.296487331390381,
    5.235917091369629,
    4.875892639160156,
    4.556476593017578,
    4.487381935119629,
    5.221108913421631,
    4.955243110656738
  ],