{
  "loss": [
    39.22492599487305,
    39.59264373779297,
    37.99435806274414,
    36.430320739746094,
    36.0313720703125,
    35.09199523925781,
    33.115081787109375,
    33.24394226074219,
    31.427400588989258,
    31.139368057250977,
    30.303081512451172,
    29.133445739746094,
    27.8466796875,
    27.394107818603516,
    26.78655433654785,
    26.231576919555664,
    24.76235008239746,
    24.59111213684082,
    24.635488510131836,
    22.251989364624023,
    22.165176391601562,
    21.700214385986328,
    21.76625633239746,
    20.607004165649414,
    20.535423278808594,
    19.15154457092285,
    18.33922576904297,
    17.70979118347168,
    17.089153289794922,
    17.39882469177246,
    15.869462013244629,
    16.866655349731445,
    15.804640769958496,
    15.122076988220215,
    14.670985221862793,
    15.334257125854492,
    13.788166046142578,
    13.193408012390137,
    12.119089126586914,
    12.136040687561035,
    12.137219429016113,
    11.48766040802002,
    12.191666603088379,
    11.219355583190918,
    11.54150676727295,
    11.514415740966797,
    12.32189655303955,
    10.041447639465332,
    9.957886695861816,
    10.535201072692871,
    9.25130844116211,
    9.97076416015625,
    9.535648345947266,
    9.500943183898926,
    9.782391548156738,
    8.991674423217773,
    10.06233024597168,
    8.489115715026855,
    8.99676513671875,
    8.270182609558105,
    7.959441184997559,
    8.164582252502441,
    7.561361789703369,
    9.039484024047852,
    7.1705780029296875,
    7.5872273445129395,
    7.55392599105835,
    8.458762168884277,
    8.365285873413086,
    6.754335880279541,
    7.244309902191162,
    6.873208522796631,
    7.884183406829834,
    7.146335124969482,
    7.4421563148498535,
    5.74702787399292,
    6.902829647064209,
    5.968384742736816,
    6.61273193359375,
    6.692102432250977,
    6.397004127502441,
    6.228055953979492,
    6.779491901397705,
    6.0470781326293945,
    5.809149742126465,
    6.4285078048706055,
    5.22548246383667,
    6.464227199554443,
    5.837887763977051,
    5.681857585906982,
    5.9927544593811035,
    6.803186416625977,
    6.1276326179504395,
    4.774036407470703,
    6.104349136352539,
    6.0296478271484375,
    6.208558082580566,
    5.817803859710693,
    5.110691070556641,
    5.186396598815918
  ],
  "val_loss": [
    39.58449172973633,
    38.49894332885742,
    37.46280288696289,
    36.49396514892578,
    35.558868408203125,
    34.648685455322266,
    33.79804992675781,
    32.983070373535156,
    32.18157958984375,
    31.4033260345459,
    30.635223388671875,
    29.89910888671875,
    29.177005767822266,
    28.479084014892578,
    27.796554565429688,
    27.14004135131836,
    26.5135440826416,
    25.894906997680664,
    25.277063369750977,
    24.684839248657227,
    24.107030868530273,
    23.53506851196289,
    22.97443389892578,
    22.432409286499023,
    21.901844024658203,
    21.383220672607422,
    20.892154693603516,
    20.414960861206055,
    19.950571060180664,
    19.49153709411621,
    19.042705535888672,
    18.607255935668945,
    18.18025779724121,
    17.764860153198242,
    17.361507415771484,
    16.96748924255371,
    16.592708587646484,
    16.23062515258789,
    15.884231567382812,
    15.549883842468262,
    15.227246284484863,
    14.915125846862793,
    14.609265327453613,
    14.316488265991211,
    14.041326522827148,
    13.77912712097168,
    13.524839401245117,
    13.282353401184082,
    13.054084777832031,
    12.831232070922852,
    12.604805946350098,
    12.389448165893555,
    12.178305625915527,
    11.977948188781738,
    11.779698371887207,
    11.588884353637695,
    11.407233238220215,
    11.229734420776367,
    11.057831764221191,
    10.910146713256836,
    10.775795936584473,
    10.636541366577148,
    10.498395919799805,
    10.375391006469727,
    10.265485763549805,
    10.139403343200684,
    10.006487846374512,
    9.88093376159668,
    9.76565933227539,
    9.657133102416992,
    9.561599731445312,
    9.458414077758789,
    9.365777969360352,
    9.253921508789062,
    9.153623580932617,
    9.057570457458496,
    8.967485427856445,
    8.892440795898438,
    8.81013298034668,
    8.746228218078613,
    8.67096996307373,
    8.589763641357422,
    8.494888305664062,
    8.407831192016602,
    8.32712459564209,
    8.24754524230957,
    8.182830810546875,
    8.122041702270508,
    8.070211410522461,
    8.032183647155762,
    7.993250846862793,
    7.971726894378662,
    7.928550720214844,
    7.863893032073975,
    7.80508279800415,
    7.7522873878479,
    7.698106288909912,
    7.640004634857178,
    7.58444356918335,
    7.534640312194824
  ],
  "mse": [
    39.16791915893555,
    39.5358772277832,
    37.93780517578125,
    36.37397003173828,
    35.97519302368164,
    35.035980224609375,
    33.05923080444336,
    33.1882209777832,
    31.371793746948242,
    31.0838623046875,
    30.247655868530273,
    29.078079223632812,
    27.791357040405273,
    27.33881187438965,
    26.731277465820312,
    26.17630958557129,
    24.707069396972656,
    24.535812377929688,
    24.580162048339844,
    22.19664192199707,
    22.109786987304688,
    21.644777297973633,
    21.710758209228516,
    20.55143928527832,
    20.47979736328125,
    19.09585189819336,
    18.283458709716797,
    17.65394401550293,
    17.03321647644043,
    17.342792510986328,
    15.813331604003906,
    16.8104190826416,
    15.748302459716797,
    15.065629005432129,
    14.614426612854004,
    15.27759075164795,
    13.731391906738281,
    13.136526107788086,
    12.062100410461426,
    12.078946113586426,
    12.080018043518066,
    11.430359840393066,
    12.13427734375,
    11.161874771118164,
    11.48393440246582,
    11.456764221191406,
    12.264181137084961,
    9.983668327331543,
    9.90003776550293,
    10.477293968200684,
    9.193330764770508,
    9.912720680236816,
    9.477545738220215,
    9.442770004272461,
    9.724151611328125,
    8.933363914489746,
    10.003960609436035,
    8.430688858032227,
    8.938282012939453,
    8.211649894714355,
    7.9008965492248535,
    8.106025695800781,
    7.502781867980957,
    8.980873107910156,
    7.111950397491455,
    7.528592586517334,
    7.495255947113037,
    8.400054931640625,
    8.30654239654541,
    6.695552825927734,
    7.185495376586914,
    6.814364910125732,
    7.825310230255127,
    7.087436676025391,
    7.3832173347473145,
    5.688067436218262,
    6.843847751617432,
    5.909411430358887,
    6.5537495613098145,
    6.633108139038086,
    6.3379974365234375,
    6.169031143188477,
    6.72044038772583,
    5.987987995147705,
    5.750025749206543,
    6.369348049163818,
    5.166304111480713,
    6.405049800872803,
    5.7787089347839355,
    5.6226935386657715,
    5.933602333068848,
    6.744086742401123,
    6.068589687347412,
    4.715011119842529,
    6.045299530029297,
    5.970582008361816,
    6.149471759796143,
    5.758685111999512,
    5.0515522956848145,
    5.127241134643555
  ],