{
  "loss": [
    28.841331481933594,
    27.728219985961914,
    28.378225326538086,
    27.48670768737793,
    25.82923698425293,
    24.1925048828125,
    23.83649444580078,
    23.242284774780273,
    23.04840850830078,
    20.222509384155273,
    20.6471004486084,
    20.151287078857422,
    19.67041778564453,
    18.684755325317383,
    18.562395095825195,
    16.613109588623047,
    16.829635620117188,
    15.736279487609863,
    15.475398063659668,
    16.144250869750977,
    13.865954399108887,
    14.995525360107422,
    13.665778160095215,
    13.33933162689209,
    13.905588150024414,
    12.695967674255371,
    11.478822708129883,
    11.980971336364746,
    11.071044921875,
    12.138249397277832,
    11.370040893554688,
    10.692652702331543,
    9.595402717590332,
    9.854763984680176,
    9.380744934082031,
    8.394946098327637,
    9.469818115234375,
    9.227343559265137,
    10.189971923828125,
    8.349724769592285,
    9.2453031539917,
    9.136700630187988,
    7.695677280426025,
    8.486719131469727,
    7.5362443923950195,
    8.607810974121094,
    8.100226402282715,
    6.494684219360352,
    7.544745922088623,
    7.374874114990234,
    6.352438449859619,
    7.905684471130371,
    6.682325839996338,
    6.511352062225342,
    6.7322001457214355,
    6.07929801940918,
    6.8150315284729,
    6.412380218505859,
    5.827584743499756,
    5.501023292541504,
    7.062751293182373,
    6.374227046966553,
    6.39424991607666,
    5.85814094543457,
    6.005934238433838,
    6.072038173675537,
    5.520445346832275,
    6.861058235168457,
    6.359127521514893,
    7.324457168579102,
    5.895625591278076,
    5.335600852966309,
    6.030423641204834,
    5.3444294929504395,
    5.840334415435791,
    5.210550308227539,
    4.519515037536621,
    5.636295795440674,
    4.677694320678711,
    5.575320720672607,
    4.499497890472412,
    4.550276279449463,
    3.9242446422576904,
    4.599387168884277,
    4.8409104347229,
    6.031058311462402,
    4.359162330627441,
    5.175654411315918,
    4.56051778793335,
    4.956880569458008,
    4.451757431030273,
    5.0968852043151855,
    5.283751964569092,
    4.243022441864014,
    4.14475679397583,
    4.3584489822387695,
    4.543128967285156,
    5.130713939666748,
    4.677608489990234,
    5.4268646240234375
  ],
  "val_loss": [
    28.255178451538086,
    27.540130615234375,
    26.821359634399414,
    26.116455078125,
    25.426433563232422,
    24.748920440673828,
    24.105525970458984,
    23.454486846923828,
    22.824871063232422,
    22.216350555419922,
    21.621225357055664,
    21.038738250732422,
    20.4848575592041,
    19.935434341430664,
    19.399253845214844,
    18.890600204467773,
    18.38521957397461,
    17.893596649169922,
    17.420305252075195,
    16.952348709106445,
    16.506351470947266,
    16.079442977905273,
    15.661540031433105,
    15.247148513793945,
    14.851489067077637,
    14.472208023071289,
    14.110589981079102,
    13.76161003112793,
    13.438695907592773,
    13.121853828430176,
    12.807744026184082,
    12.511332511901855,
    12.223791122436523,
    11.968301773071289,
    11.708795547485352,
    11.470541000366211,
    11.238125801086426,
    11.019773483276367,
    10.819146156311035,
    10.61840534210205,
    10.42881965637207,
    10.262941360473633,
    10.107063293457031,
    9.95533561706543,
    9.795858383178711,
    9.654512405395508,
    9.50947380065918,
    9.374805450439453,
    9.253739356994629,
    9.147560119628906,
    9.03193473815918,
    8.897806167602539,
    8.776159286499023,
    8.688896179199219,
    8.600024223327637,
    8.520990371704102,
    8.441110610961914,
    8.369097709655762,
    8.287664413452148,
    8.229000091552734,
    8.170736312866211,
    8.099327087402344,
    8.026254653930664,
    7.948233127593994,
    7.868722438812256,
    7.791346549987793,
    7.7198805809021,
    7.654022216796875,
    7.5868730545043945,
    7.5250444412231445,
    7.453558444976807,
    7.378349304199219,
    7.30426549911499,
    7.255282402038574,
    7.2064971923828125,
    7.1623382568359375,
    7.118832588195801,
    7.073234558105469,
    7.0496320724487305,
    7.028573513031006,
    7.0053887367248535,
    6.968451023101807,
    6.925826072692871,
    6.870089054107666,
    6.811463832855225,
    6.751673698425293,
    6.712110996246338,
    6.688708305358887,
    6.6565260887146,
    6.634183406829834,
    6.6040472984313965,
    6.572343349456787,
    6.521695613861084,
    6.4668378829956055,
    6.4271674156188965,
    6.377665042877197,
    6.337908744812012,
    6.294278621673584,
    6.237644672393799,
    6.183977127075195
  ],
  "mse": [
    28.774349212646484,
    27.661344528198242,
    28.311439514160156,
    27.420007705688477,
    25.762601852416992,
    24.125938415527344,
    23.76996612548828,
    23.175779342651367,
    22.981924057006836,
    20.156030654907227,
    20.580612182617188,
    20.08477783203125,
    19.6038875579834,
    18.618186950683594,
    18.49578285217285,
    16.546436309814453,
    16.762887954711914,
    15.669456481933594,
    15.408495903015137,
    16.077259063720703,
    13.798868179321289,
    14.928338050842285,
    13.598498344421387,
    13.271954536437988,
    13.838104248046875,
    12.628376007080078,
    11.411125183105469,
    11.913168907165527,
    11.003140449523926,
    12.070244789123535,
    11.301923751831055,
    10.624422073364258,
    9.52706241607666,
    9.786320686340332,
    9.312213897705078,
    8.326326370239258,
    9.401110649108887,
    9.158548355102539,
    10.121111869812012,
    8.280797958374023,
    9.176312446594238,
    9.067667007446289,
    7.6266045570373535,
    8.41761302947998,
    7.467097282409668,
    8.538614273071289,
    8.030993461608887,
    6.42539644241333,
    7.475406646728516,
    7.305505275726318,
    6.283054828643799,
    7.8362555503845215,
    6.612827777862549,
    6.441822052001953,
    6.662662506103516,
    6.009742736816406,
    6.745469093322754,
    6.342817783355713,
    5.758005142211914,
    5.431434631347656,
    6.993166446685791,
    6.304660797119141,
    6.324676036834717,
    5.788551330566406,
    5.9363179206848145,
    6.002414226531982,
    5.450819969177246,
    6.791441917419434,
    6.289525032043457,
    7.2548627853393555,
    5.826014995574951,
    5.2659592628479,
    5.960733890533447,
    5.274723529815674,
    5.770628452301025,
    5.140852451324463,
    4.449832916259766,
    5.5666303634643555,
    4.608049392700195,
    5.5057220458984375,
    4.429965496063232,
    4.480813503265381,
    3.854806661605835,
    4.529963493347168,
    4.771480083465576,
    5.961642742156982,
    4.289769172668457,
    5.106307506561279,
    4.491218566894531,
    4.887628078460693,
    4.3825531005859375,
    5.027715682983398,
    5.2145771980285645,
    4.173824310302734,
    4.075534820556641,
    4.2891950607299805,
    4.4738569259643555,
    5.06145715713501,
    4.608346462249756,
    5.357583522796631
  ],