{
  "loss": [
    32.627193450927734,
    31.99371337890625,
    31.039518356323242,
    30.396596908569336,
    29.3332576751709,
    28.357568740844727,
    28.546531677246094,
    27.515037536621094,
    25.528430938720703,
    25.848363876342773,
    23.841522216796875,
    23.633068084716797,
    22.28948402404785,
    21.87746238708496,
    21.110876083374023,
    20.87274932861328,
    19.928377151489258,
    19.696802139282227,
    19.503480911254883,
    18.943628311157227,
    19.2215633392334,
    17.485258102416992,
    17.25750732421875,
    17.134620666503906,
    16.708171844482422,
    15.646045684814453,
    16.002737045288086,
    15.301182746887207,
    14.24395751953125,
    13.254148483276367,
    14.1560640335083,
    13.542306900024414,
    12.084870338439941,
    12.76880931854248,
    11.837859153747559,
    11.637535095214844,
    10.474898338317871,
    11.141493797302246,
    9.429153442382812,
    9.483365058898926,
    9.195167541503906,
    9.222738265991211,
    8.900147438049316,
    9.504193305969238,
    8.254168510437012,
    8.907234191894531,
    7.3908371925354,
    7.862149715423584,
    7.585812091827393,
    7.7368292808532715,
    8.050971984863281,
    7.231801986694336,
    6.893535614013672,
    6.568355560302734,
    6.785614967346191,
    6.617741584777832,
    6.229274749755859,
    5.32833194732666,
    6.8577704429626465,
    6.494547367095947,
    6.116103172302246,
    6.8562188148498535,
    6.232113361358643,
    5.773216724395752,
    5.401830673217773,
    5.934005260467529,
    5.630272388458252,
    5.874914646148682,
    5.278893947601318,
    5.185910701751709,
    5.198195457458496,
    5.2641472816467285,
    5.7650532722473145,
    4.984133243560791,
    5.068955421447754,
    5.143362522125244,
    5.662974834442139,
    4.9154253005981445,
    4.80175256729126,
    4.887811183929443,
    4.682900905609131,
    5.334986686706543,
    4.903970718383789,
    5.71341609954834,
    6.6242265701293945,
    4.19113302230835,
    5.135738849639893,
    4.562490940093994,
    4.316679954528809,
    4.696068286895752,
    4.827751636505127,
    4.6502604484558105,
    4.640995502471924,
    4.502956867218018,
    4.396251678466797,
    4.678550720214844,
    4.378955364227295,
    3.715801477432251,
    4.478992938995361,
    3.7531580924987793
  ],
  "val_loss": [
    31.034542083740234,
    30.2572078704834,
    29.4969425201416,
    28.770694732666016,
    28.06155014038086,
    27.363880157470703,
    26.69662094116211,
    26.036956787109375,
    25.394367218017578,
    24.782390594482422,
    24.175899505615234,
    23.58208656311035,
    22.98940658569336,
    22.403350830078125,
    21.8344783782959,
    21.276683807373047,
    20.730220794677734,
    20.190967559814453,
    19.651742935180664,
    19.13386344909668,
    18.63051986694336,
    18.13426399230957,
    17.648427963256836,
    17.16280746459961,
    16.691566467285156,
    16.229278564453125,
    15.7766695022583,
    15.328489303588867,
    14.887893676757812,
    14.458999633789062,
    14.055597305297852,
    13.657885551452637,
    13.2767333984375,
    12.905035018920898,
    12.552526473999023,
    12.211555480957031,
    11.887417793273926,
    11.57490348815918,
    11.265180587768555,
    10.969488143920898,
    10.699477195739746,
    10.428317070007324,
    10.165315628051758,
    9.9186372756958,
    9.686553955078125,
    9.459478378295898,
    9.256105422973633,
    9.057721138000488,
    8.863717079162598,
    8.696819305419922,
    8.556588172912598,
    8.414161682128906,
    8.271005630493164,
    8.135661125183105,
    7.996429443359375,
    7.855311393737793,
    7.722496032714844,
    7.617105007171631,
    7.507143974304199,
    7.412928581237793,
    7.32861852645874,
    7.251290321350098,
    7.177103519439697,
    7.080258846282959,
    6.989997863769531,
    6.910094261169434,
    6.8280487060546875,
    6.744401454925537,
    6.658550262451172,
    6.586041450500488,
    6.523281097412109,
    6.469644069671631,
    6.449609279632568,
    6.424571990966797,
    6.391011714935303,
    6.342791557312012,
    6.304471015930176,
    6.2787766456604,
    6.243664741516113,
    6.2119011878967285,
    6.178892612457275,
    6.148911476135254,
    6.128231048583984,
    6.105224609375,
    6.073824882507324,
    6.062685966491699,
    6.043848991394043,
    6.0128173828125,
    5.9790472984313965,
    5.929869174957275,
    5.895741939544678,
    5.863717079162598,
    5.830046653747559,
    5.797181606292725,
    5.784867763519287,
    5.780176639556885,
    5.7647223472595215,
    5.734912395477295,
    5.709348201751709,
    5.691490650177002
  ],
  "mse": [
    32.5692253112793,
    31.935903549194336,
    30.981857299804688,
    30.33905601501465,
    29.275827407836914,
    28.300247192382812,
    28.489290237426758,
    27.457857131958008,
    25.471298217773438,
    25.7912654876709,
    23.784439086914062,
    23.57598114013672,
    22.232376098632812,
    21.82032012939453,
    21.053691864013672,
    20.81551170349121,
    19.87107276916504,
    19.639413833618164,
    19.445995330810547,
    18.886043548583984,
    19.163883209228516,
    17.427471160888672,
    17.199615478515625,
    17.076623916625977,
    16.65005111694336,
    15.587794303894043,
    15.94435977935791,
    15.242666244506836,
    14.185283660888672,
    13.195320129394531,
    14.097084045410156,
    13.483189582824707,
    12.025625228881836,
    12.709423065185547,
    11.77832317352295,
    11.577855110168457,
    10.415074348449707,
    11.081530570983887,
    9.369049072265625,
    9.423110008239746,
    9.134781837463379,
    9.162233352661133,
    8.839513778686523,
    9.443431854248047,
    8.193292617797852,
    8.84625244140625,
    7.329756736755371,
    7.800980567932129,
    7.524539947509766,
    7.675455093383789,
    7.989542007446289,
    7.1703104972839355,
    6.831971168518066,
    6.5067267417907715,
    6.7239155769348145,
    6.555960655212402,
    6.167391777038574,
    5.266369342803955,
    6.7957444190979,
    6.432455539703369,
    6.053964138031006,
    6.794033050537109,
    6.169895648956299,
    5.7109479904174805,
    5.339487075805664,
    5.871601104736328,
    5.56781530380249,
    5.812389850616455,
    5.216294765472412,
    5.123239994049072,
    5.135464668273926,
    5.201364040374756,
    5.702275276184082,
    4.921421527862549,
    5.006281852722168,
    5.080694675445557,
    5.600302219390869,
    4.852780818939209,
    4.739129543304443,
    4.825202465057373,
    4.6203155517578125,
    5.272429466247559,
    4.841442584991455,
    5.650933742523193,
    6.561779499053955,
    4.128732204437256,
    5.073400497436523,
    4.500199794769287,
    4.254404067993164,
    4.633785247802734,
    4.765470504760742,
    4.588001251220703,
    4.578761100769043,
    4.440719127655029,
    4.334038734436035,
    4.61638069152832,
    4.3168463706970215,
    3.6537303924560547,
    4.416930675506592,
    3.6911308765411377
  ],