{
  "loss": [
    31.173433303833008,
    31.170930862426758,
    31.025184631347656,
    29.66929817199707,
    28.0448055267334,
    27.482595443725586,
    27.591527938842773,
    25.829402923583984,
    25.875038146972656,
    24.19243812561035,
    23.590511322021484,
    22.08563804626465,
    22.699338912963867,
    21.69011116027832,
    21.281570434570312,
    21.446260452270508,
    20.588090896606445,
    19.691009521484375,
    18.980653762817383,
    19.057382583618164,
    17.923227310180664,
    17.743816375732422,
    16.953739166259766,
    16.612552642822266,
    16.559335708618164,
    14.552318572998047,
    14.761685371398926,
    12.885387420654297,
    13.498218536376953,
    12.775114059448242,
    13.065621376037598,
    13.093205451965332,
    10.668865203857422,
    10.9829740524292,
    10.2835054397583,
    11.25943660736084,
    10.835363388061523,
    9.029187202453613,
    8.756464004516602,
    9.092694282531738,
    10.009809494018555,
    8.36078929901123,
    8.811959266662598,
    8.29177188873291,
    8.107414245605469,
    7.678177833557129,
    8.121341705322266,
    7.6914753913879395,
    7.636050701141357,
    7.218225002288818,
    6.997949600219727,
    6.858870506286621,
    6.577131748199463,
    6.513718128204346,
    6.755041122436523,
    6.688573360443115,
    7.590543270111084,
    6.224867820739746,
    5.718408107757568,
    6.993358612060547,
    5.753131866455078,
    6.714791774749756,
    5.488284587860107,
    6.031468391418457,
    6.725154876708984,
    5.894946575164795,
    5.450432777404785,
    5.7231669425964355,
    6.315692901611328,
    6.406591892242432,
    5.751836776733398,
    4.956821441650391,
    5.29539155960083,
    5.91935396194458,
    6.072784423828125,
    5.2598958015441895,
    4.752222061157227,
    5.1845550537109375,
    5.900764465332031,
    4.368959903717041,
    5.765466690063477,
    4.540299892425537,
    5.279265880584717,
    5.2461466789245605,
    4.4172210693359375,
    5.353456020355225,
    4.967561721801758,
    5.629881381988525,
    4.407508373260498,
    5.186964988708496,
    5.223677158355713,
    4.005402565002441,
    4.932289123535156,
    5.233087539672852,
    4.8915228843688965,
    4.629187107086182,
    4.479926586151123,
    4.661358833312988,
    4.710423469543457,
    4.514352798461914
  ],
  "val_loss": [
    29.917261123657227,
    29.1982479095459,
    28.532791137695312,
    27.88931655883789,
    27.264123916625977,
    26.659236907958984,
    26.072406768798828,
    25.49995231628418,
    24.93961524963379,
    24.397531509399414,
    23.853412628173828,
    23.321605682373047,
    22.801143646240234,
    22.29250144958496,
    21.782779693603516,
    21.288448333740234,
    20.7994384765625,
    20.310440063476562,
    19.82354164123535,
    19.341217041015625,
    18.89540672302246,
    18.460247039794922,
    18.017292022705078,
    17.575088500976562,
    17.15544319152832,
    16.739580154418945,
    16.326904296875,
    15.92418098449707,
    15.522229194641113,
    15.132723808288574,
    14.763114929199219,
    14.407773971557617,
    14.064901351928711,
    13.73339557647705,
    13.407055854797363,
    13.0985689163208,
    12.804986953735352,
    12.512842178344727,
    12.241022109985352,
    11.984777450561523,
    11.734918594360352,
    11.489675521850586,
    11.266324996948242,
    11.074365615844727,
    10.884162902832031,
    10.682706832885742,
    10.488243103027344,
    10.296600341796875,
    10.11839485168457,
    9.948553085327148,
    9.801767349243164,
    9.647989273071289,
    9.512718200683594,
    9.399442672729492,
    9.30402660369873,
    9.190459251403809,
    9.064723014831543,
    8.957478523254395,
    8.839014053344727,
    8.718487739562988,
    8.597477912902832,
    8.50108814239502,
    8.427663803100586,
    8.34100341796875,
    8.235174179077148,
    8.143349647521973,
    8.060160636901855,
    7.995099067687988,
    7.928723335266113,
    7.879151821136475,
    7.834678649902344,
    7.7853684425354,
    7.7327165603637695,
    7.676480293273926,
    7.644837856292725,
    7.6201019287109375,
    7.588722229003906,
    7.551148891448975,
    7.525709629058838,
    7.487337589263916,
    7.436537742614746,
    7.377188205718994,
    7.336494445800781,
    7.301515102386475,
    7.256551265716553,
    7.206620216369629,
    7.1621413230896,
    7.114653587341309,
    7.057431221008301,
    6.9998626708984375,
    6.9418044090271,
    6.887360572814941,
    6.846030235290527,
    6.805225372314453,
    6.758023262023926,
    6.7126922607421875,
    6.6732001304626465,
    6.644442558288574,
    6.617352485656738,
    6.602514743804932
  ],
  "mse": [
    31.104055404663086,
    31.10173988342285,
    30.956172943115234,
    29.60045051574707,
    27.976106643676758,
    27.414020538330078,
    27.52305793762207,
    25.761032104492188,
    25.806737899780273,
    24.124202728271484,
    23.522323608398438,
    22.017486572265625,
    22.631210327148438,
    21.621973037719727,
    21.213401794433594,
    21.3780574798584,
    20.519845962524414,
    19.622713088989258,
    18.912294387817383,
    18.988948822021484,
    17.854700088500977,
    17.675199508666992,
    16.88501739501953,
    16.543720245361328,
    16.490392684936523,
    14.483268737792969,
    14.692519187927246,
    12.816096305847168,
    13.428787231445312,
    12.705537796020508,
    12.995901107788086,
    13.023343086242676,
    10.598859786987305,
    10.912817001342773,
    10.213197708129883,
    11.188979148864746,
    10.764762878417969,
    8.958439826965332,
    8.68557357788086,
    9.0216703414917,
    9.938658714294434,
    8.289517402648926,
    8.740570068359375,
    8.220293998718262,
    8.035859107971191,
    7.606525421142578,
    8.049588203430176,
    7.619607925415039,
    7.564070701599121,
    7.146130084991455,
    6.925762176513672,
    6.786596775054932,
    6.504759788513184,
    6.441275119781494,
    6.682557582855225,
    6.616053104400635,
    7.517950534820557,
    6.152211666107178,
    5.645692825317383,
    6.92057466506958,
    5.6802778244018555,
    6.641854763031006,
    5.415304660797119,
    5.958465576171875,
    6.652108669281006,
    5.8218584060668945,
    5.377314567565918,
    5.6500244140625,
    6.242528915405273,
    6.333411693572998,
    5.6786789894104,
    4.883681297302246,
    5.222264766693115,
    5.846245765686035,
    5.999738693237305,
    5.186939239501953,
    4.67936372756958,
    5.111765384674072,
    5.828023910522461,
    4.2962541580200195,
    5.692770004272461,
    4.467593193054199,
    5.206554889678955,
    5.173480987548828,
    4.344587802886963,
    5.280844688415527,
    4.8949713706970215,
    5.557308197021484,
    4.334929943084717,
    5.114388465881348,
    5.151108741760254,
    3.9328529834747314,
    4.859750747680664,
    5.16058349609375,
    4.819042205810547,
    4.556738376617432,
    4.407522201538086,
    4.58903169631958,
    4.6381916999816895,
    4.4422149658203125
  ],