{
  "loss": [
    27.432077407836914,
    24.3260440826416,
    21.978734970092773,
    20.011581420898438,
    18.744441986083984,
    17.65804100036621,
    16.012990951538086,
    15.616739273071289,
    13.5602445602417,
    12.206366539001465,
    10.831306457519531,
    9.219829559326172,
    10.346259117126465,
    8.22581672668457,
    7.522150993347168,
    7.540137767791748,
    7.6155619621276855,
    6.952884674072266,
    7.748590469360352,
    7.234072208404541,
    7.360170841217041,
    7.3821821212768555,
    6.070715427398682,
    6.252851486206055,
    7.67933988571167,
    5.990476131439209,
    6.9954447746276855,
    5.361049175262451,
    6.777525901794434,
    6.539716720581055,
    5.503569602966309,
    5.076220989227295,
    6.478348731994629,
    5.372372150421143,
    7.422032356262207,
    5.410067081451416,
    4.835994720458984,
    5.130733489990234,
    4.908712863922119,
    4.5091938972473145,
    5.985481262207031,
    5.074435234069824,
    4.694417953491211,
    4.311303615570068,
    5.523131370544434,
    4.8338541984558105,
    4.094646453857422,
    4.57594633102417,
    5.385498523712158,
    4.787646770477295,
    4.992509841918945,
    5.416682243347168,
    4.743208408355713,
    5.2580437660217285,
    5.022250175476074,
    4.725886344909668,
    4.232449054718018,
    4.1917853355407715,
    3.6079981327056885,
    5.02799654006958,
    4.040093898773193,
    3.693408727645874,
    5.032147407531738,
    3.4853105545043945,
    4.5567731857299805,
    4.1551103591918945,
    4.491175174713135,
    3.9065074920654297,
    4.434858798980713,
    3.7791876792907715,
    3.6030056476593018,
    3.5504777431488037,
    4.168271541595459,
    4.522134304046631,
    3.848301649093628,
    4.931967258453369,
    3.5915110111236572,
    3.2904014587402344,
    3.653120279312134,
    3.9064438343048096,
    3.5267112255096436,
    3.512178421020508,
    3.5069503784179688,
    3.7380735874176025,
    3.945828437805176,
    4.511459827423096,
    3.546440601348877,
    3.5369362831115723,
    3.4395575523376465,
    3.4582793712615967,
    3.7064008712768555,
    2.6293346881866455,
    3.012633800506592,
    3.512524366378784,
    3.5569217205047607,
    3.204960584640503,
    3.6000499725341797,
    2.7675046920776367,
    3.1250972747802734,
    3.3304357528686523
  ],
  "val_loss": [
    24.083560943603516,
    22.340333938598633,
    20.668621063232422,
    19.064855575561523,
    17.47043800354004,
    15.926156997680664,
    14.529890060424805,
    13.22740364074707,
    11.986623764038086,
    10.874350547790527,
    9.87265396118164,
    9.004743576049805,
    8.356852531433105,
    7.867314338684082,
    7.512068748474121,
    7.191047668457031,
    6.964535713195801,
    6.800477504730225,
    6.6637725830078125,
    6.5432024002075195,
    6.462418556213379,
    6.415325164794922,
    6.419741630554199,
    6.389749050140381,
    6.403268337249756,
    6.3925676345825195,
    6.334597587585449,
    6.305997371673584,
    6.262219429016113,
    6.192291259765625,
    6.162152290344238,
    6.074047088623047,
    5.939453125,
    5.87366247177124,
    5.82760763168335,
    5.866726875305176,
    5.838644981384277,
    5.7626142501831055,
    5.7568159103393555,
    5.678420066833496,
    5.590525150299072,
    5.504464149475098,
    5.466785430908203,
    5.508052825927734,
    5.483534336090088,
    5.46805477142334,
    5.562891006469727,
    5.6286773681640625,
    5.584573268890381,
    5.547209739685059,
    5.489213466644287,
    5.458172798156738,
    5.515846252441406,
    5.538388729095459,
    5.522451400756836,
    5.52186918258667,
    5.4644365310668945,
    5.377349853515625,
    5.240151405334473,
    5.167350769042969,
    5.139496803283691,
    5.1157121658325195,
    5.035209655761719,
    4.9481964111328125,
    4.841156482696533,
    4.8112287521362305,
    4.827531337738037,
    4.8935065269470215,
    4.967339992523193,
    4.981101036071777,
    4.922415733337402,
    4.852610111236572,
    4.691747188568115,
    4.579886436462402,
    4.498023986816406,
    4.578024864196777,
    4.678938388824463,
    4.754312992095947,
    4.774359226226807,
    4.687921047210693,
    4.540336608886719,
    4.453497409820557,
    4.419178009033203,
    4.446666717529297,
    4.453145503997803,
    4.431854248046875,
    4.441592216491699,
    4.363608360290527,
    4.227750778198242,
    4.178769111633301,
    4.219321250915527,
    4.254204750061035,
    4.298680782318115,
    4.305928707122803,
    4.380772590637207,
    4.422070503234863,
    4.428963661193848,
    4.340095043182373,
    4.2189483642578125,
    4.031515598297119
  ],
  "mse": [
    27.235084533691406,
    24.12949562072754,
    21.7823486328125,
    19.815227508544922,
    18.548023223876953,
    17.461475372314453,
    15.816251754760742,
    15.419865608215332,
    13.363234519958496,
    12.00918960571289,
    10.633949279785156,
    9.022250175476074,
    10.148530006408691,
    8.028055191040039,
    7.324441909790039,
    7.342504978179932,
    7.418092250823975,
    6.755685806274414,
    7.551682472229004,
    7.037430763244629,
    7.163804531097412,
    7.1861491203308105,
    5.875040054321289,
    6.057516098022461,
    7.4843339920043945,
    5.795873165130615,
    6.801183700561523,
    5.1670966148376465,
    6.583850383758545,
    6.346292018890381,
    5.310410022735596,
    4.883302211761475,
    6.285617828369141,
    5.17983341217041,
    7.229689598083496,
    5.218021392822266,
    4.644278049468994,
    4.93925666809082,
    4.717459201812744,
    4.318154811859131,
    5.7946014404296875,
    4.8837056159973145,
    4.503850936889648,
    4.1209869384765625,
    5.333055019378662,
    4.643939018249512,
    3.9049956798553467,
    4.3865838050842285,
    5.196351528167725,
    4.598684787750244,
    4.803708553314209,
    5.227993011474609,
    4.5547075271606445,
    5.0698041915893555,
    4.834254741668701,
    4.538137435913086,
    4.04488468170166,
    4.004347324371338,
    3.4206438064575195,
    4.840726852416992,
    3.8529562950134277,
    3.5064680576324463,
    4.8453192710876465,
    3.2985754013061523,
    4.370124340057373,
    3.968595027923584,
    4.3048295974731445,
    3.720372200012207,
    4.248955249786377,
    3.5934746265411377,
    3.4174387454986572,
    3.3650331497192383,
    3.9828574657440186,
    4.3367462158203125,
    3.6629703044891357,
    4.746773719787598,
    3.4066507816314697,
    3.10581374168396,
    3.4687671661376953,
    3.7221879959106445,
    3.3424482345581055,
    3.3278748989105225,
    3.3226823806762695,
    3.5539209842681885,
    3.761843204498291,
    4.3275980949401855,
    3.3627288341522217,
    3.353389024734497,
    3.2560627460479736,
    3.2748146057128906,
    3.5230631828308105,
    2.4461734294891357,
    2.829624891281128,
    3.3296451568603516,
    3.3741302490234375,
    3.0223283767700195,
    3.4175615310668945,
    2.5851521492004395,
    2.9427688121795654,
    3.148054838180542
  ],