{
  "loss": [
    2.9380342960357666,
    3.1534488201141357,
    2.7285890579223633,
    2.7269885540008545,
    2.788649082183838,
    2.0717101097106934,
    2.0005905628204346,
    2.016655683517456,
    2.0043153762817383,
    1.488097906112671,
    1.8094587326049805,
    1.4388654232025146,
    1.5948783159255981,
    1.3233976364135742,
    1.3871263265609741,
    1.27226984500885,
    1.358864188194275,
    1.438797950744629,
    1.2649248838424683,
    1.1060255765914917,
    1.227980613708496,
    1.0984433889389038,
    1.0846489667892456,
    1.083613395690918,
    1.1074118614196777,
    1.0457077026367188,
    1.028041958808899,
    0.9386894702911377,
    0.8277544379234314,
    0.9733274579048157,
    0.7689580917358398,
    0.7126486301422119,
    0.7658050060272217,
    0.7264222502708435,
    0.6999074816703796,
    0.8648304343223572,
    0.8921119570732117,
    0.7186638116836548,
    0.8743910789489746,
    0.7650589346885681,
    0.7773551940917969,
    0.8219411969184875,
    0.7057993412017822,
    0.5212054252624512,
    0.6413338780403137,
    0.7926841974258423,
    0.6652629971504211,
    0.6303032040596008,
    0.6596519351005554,
    0.5932715535163879,
    0.6644561290740967,
    0.6323797106742859,
    0.5249631404876709,
    0.5685136318206787,
    0.6605362892150879,
    0.5716482400894165,
    0.5712258815765381,
    0.7173846364021301,
    0.5665602087974548,
    0.6793175935745239,
    0.5554106831550598,
    0.5808714032173157,
    0.5656659007072449,
    0.48476067185401917,
    0.5222175121307373,
    0.4370747208595276,
    0.4965524673461914,
    0.4537447988986969,
    0.5468523502349854,
    0.4457184076309204,
    0.5414336323738098,
    0.46482110023498535,
    0.4617820084095001,
    0.5575700402259827,
    0.540365993976593,
    0.5414129495620728,
    0.3696884214878082,
    0.3778252899646759,
    0.47370314598083496,
    0.5330889225006104,
    0.4082218110561371,
    0.5137811899185181,
    0.47034314274787903,
    0.432618647813797,
    0.41016411781311035,
    0.3576405942440033,
    0.3685411512851715,
    0.4872716963291168,
    0.4000716507434845,
    0.4365676939487457
  ],
  "mae": [
    1.3661227226257324,
    1.4391475915908813,
    1.3406692743301392,
    1.3283109664916992,
    1.3156226873397827,
    1.1548007726669312,
    1.1519259214401245,
    1.1366708278656006,
    1.1316423416137695,
    0.9754576683044434,
    1.050475001335144,
    0.9570904970169067,
    0.9902853965759277,
    0.9116619229316711,
    0.9244154691696167,
    0.8914207816123962,
    0.9256236553192139,
    0.9221288561820984,
    0.8682424426078796,
    0.8171932101249695,
    0.8403515815734863,
    0.7907353639602661,
    0.8049017190933228,
    0.8006848096847534,
    0.8187581896781921,
    0.7774379253387451,
    0.7911725640296936,
    0.7426820993423462,
    0.704870343208313,
    0.7518262267112732,
    0.686572253704071,
    0.6770986318588257,
    0.6876339316368103,
    0.6521478295326233,
    0.6325758099555969,
    0.7225576639175415,
    0.7276067137718201,
    0.6585838198661804,
    0.7217501401901245,
    0.6577892303466797,
    0.6702415347099304,
    0.698049783706665,
    0.6200928092002869,
    0.5462663769721985,
    0.6090660095214844,
    0.6745829582214355,
    0.5980907082557678,
    0.6036377549171448,
    0.6074528098106384,
    0.5902711153030396,
    0.6378722190856934,
    0.6127333045005798,
    0.5512872934341431,
    0.5755693316459656,
    0.6323738098144531,
    0.5799724459648132,
    0.5910624265670776,
    0.6382972598075867,
    0.5719764828681946,
    0.63225257396698,
    0.551958441734314,
    0.58356112241745,
    0.5732032060623169,
    0.5153886079788208,
    0.5472270846366882,
    0.5055665373802185,
    0.53821861743927,
    0.5074065327644348,
    0.5623658299446106,
    0.48229479789733887,
    0.5693479180335999,
    0.5151864886283875,
    0.4904526174068451,
    0.5670743584632874,
    0.5501332879066467,
    0.543804407119751,
    0.45047760009765625,
    0.4641822874546051,
    0.5070857405662537,
    0.5437705516815186,
    0.46410679817199707,
    0.5572322607040405,
    0.5033097267150879,
    0.4799528121948242,
    0.4704952836036682,
    0.4530336558818817,
    0.4636768400669098,
    0.5257248878479004,
    0.4667152464389801,
    0.4914972484111786
  ],
  "val_loss": [
    3.025353193283081,
    2.7202649116516113,
    2.434096336364746,
    2.1763057708740234,
    1.9430030584335327,
    1.7382017374038696,
    1.5529823303222656,
    1.3930819034576416,
    1.244095802307129,
    1.1227816343307495,
    1.0158393383026123,
    0.9177755117416382,
    0.8325445055961609,
    0.7584644556045532,
    0.6958965063095093,
    0.6433165073394775,
    0.601563572883606,
    0.5621051788330078,
    0.5302466750144958,
    0.5023801922798157,
    0.4779288172721863,
    0.4516211152076721,
    0.4230012893676758,
    0.40448737144470215,
    0.39456337690353394,
    0.3853062093257904,
    0.378152996301651,
    0.3703712224960327,
    0.3639172911643982,
    0.35615378618240356,
    0.34733182191848755,
    0.34100958704948425,
    0.33330416679382324,
    0.32852405309677124,
    0.32279688119888306,
    0.31694626808166504,
    0.31104934215545654,
    0.30863651633262634,
    0.30696767568588257,
    0.29899945855140686,
    0.2920718789100647,
    0.28874436020851135,
    0.2866429388523102,
    0.28647512197494507,
    0.2863110899925232,
    0.28716981410980225,
    0.2872086465358734,
    0.28462257981300354,
    0.282654732465744,
    0.2791319489479065,
    0.27819862961769104,
    0.2761080265045166,
    0.27426877617836,
    0.27084270119667053,
    0.2678912281990051,
    0.2661164402961731,
    0.26527366042137146,
    0.26563623547554016,
    0.26550063490867615,
    0.2637806236743927,
    0.26245230436325073,
    0.2626611590385437,
    0.263496458530426,
    0.26492878794670105,
    0.263126015663147,
    0.2602854371070862,
    0.2602951228618622,
    0.2583349347114563,
    0.2550121247768402,
    0.2535023093223572,
    0.25267672538757324,
    0.25216737389564514,
    0.25066450238227844,
    0.2507190406322479,
    0.2491428554058075,
    0.2498810738325119,
    0.25044316053390503,
    0.25183233618736267,
    0.2526704668998718,
    0.2553726136684418,
    0.25677305459976196,
    0.25809746980667114,
    0.25889962911605835,
    0.26014333963394165,
    0.2593182921409607,
    0.2615368366241455,
    0.2637154459953308,
    0.265044629573822,
    0.26646333932876587,
    0.27035459876060486
  ],